Code,Gemeentecode,Gemeentenaam,Gemeentenummer,Provincie,Provinciecode,Provincienummer,Veiligheidsregio,Veiligheidsregiocode,Veiligheidsregionummer,GGD_regio,GGD_regiocode,GGD_regionummer,Shape__Area,Shape__Length,Datum,Meldingen,Ziekenhuisopnamen,Overleden,Bevolkingsaantal,Meldingen_100000,Ziekenhuisopnamen_100000,Overleden_100000,ObjectId
0221,GM0221,Doesburg,221,Gelderland,PV25,25,Gelderland-Midden,VR07,7,Veiligheids- en Gezondheidsregio Gelderland-Midden,GG1911,1911,12997342.2636032,20183.2203807696,2021-07-22T00:00:00Z,840,19,9,11078,7582.6,171.5,81.2,79
0074,GM0074,Heerenveen,74,Friesland,PV21,21,Fryslân,VR02,2,GGD Fryslân,GG7206,7206,198243780.076294,102745.747566216,2021-07-22T00:00:00Z,3141,37,39,50494,6220.5,73.3,77.2,129
0737,GM0737,Tytsjerksteradiel,737,Friesland,PV21,21,Fryslân,VR02,2,GGD Fryslân,GG7206,7206,161459004.697609,79666.863320919,2021-07-22T00:00:00Z,2102,22,28,32046,6559.3,68.7,87.4,290
0637,GM0637,Zoetermeer,637,Zuid-Holland,PV28,28,Haaglanden,VR15,15,GGD Haaglanden,GG7014,7014,37028371.237442,27826.0807663493,2021-07-22T00:00:00Z,12253,173,70,125283,9780.3,138.1,55.9,348
0285,GM0285,Voorst,285,Gelderland,PV25,25,Noord- en Oost-Gelderland,VR06,6,GGD Noord- en Oost-Gelderland,GG1413,1413,126482659.224503,68359.5415972939,2021-07-22T00:00:00Z,2077,31,29,24546,8461.7,126.3,118.1,313
1708,GM1708,Steenwijkerland,1708,Overijssel,PV23,23,IJsselland,VR04,4,GGD Ijsselland,GG1009,1009,321281276.065285,99516.5890524977,2021-07-22T00:00:00Z,3388,33,27,44139,7675.8,74.8,61.2,276
0867,GM0867,Waalwijk,867,Noord-Brabant,PV30,30,Midden- en West-Brabant,VR20,20,GGD Hart voor Brabant,GG5406,5406,67713766.2454033,41813.4955623896,2021-07-22T00:00:00Z,5748,80,77,48620,11822.3,164.5,158.4,317
0047,GM0047,Veendam,47,Groningen,PV20,20,Groningen,VR01,1,GGD Groningen,GG0111,111,78708958.7024841,39400.0806517878,2021-07-22T00:00:00Z,2050,12,11,27387,7485.3,43.8,40.2,300
1684,GM1684,Cuijk,1684,Noord-Brabant,PV30,30,Brabant-Noord,VR21,21,GGD Hart voor Brabant,GG5406,5406,57074965.6857986,35212.9754799653,2021-07-22T00:00:00Z,2830,37,27,25139,11257.4,147.2,107.4,64
0297,GM0297,Zaltbommel,297,Gelderland,PV25,25,Gelderland-Zuid,VR08,8,GGD Gelderland-Zuid,GG2014,2014,89042961.6132469,58765.968690043,2021-07-22T00:00:00Z,4011,41,42,28901,13878.4,141.9,145.3,343
0553,GM0553,Lisse,553,Zuid-Holland,PV28,28,Hollands Midden,VR16,16,GGD Hollands-Midden,GG4506,4506,16063789.0131531,18962.0367054686,2021-07-22T00:00:00Z,2347,28,17,22957,10223.5,122,74.1,178
0957,GM0957,Roermond,957,Limburg,PV31,31,Limburg-Noord,VR23,23,GGD Limburg-Noord,GG6011,6011,71075973.7569923,46821.3327414569,2021-07-22T00:00:00Z,6657,107,61,58254,11427.5,183.7,104.7,252
0534,GM0534,Hillegom,534,Zuid-Holland,PV28,28,Hollands Midden,VR16,16,GGD Hollands-Midden,GG4506,4506,13457562.3413849,15521.6655928961,2021-07-22T00:00:00Z,1996,21,18,22208,8987.8,94.6,81.1,142
0086,GM0086,Opsterland,86,Friesland,PV21,21,Fryslân,VR02,2,GGD Fryslân,GG7206,7206,227602889.342278,84509.7751279955,2021-07-22T00:00:00Z,1939,28,8,29742,6519.4,94.1,26.9,229
0629,GM0629,Wassenaar,629,Zuid-Holland,PV28,28,Haaglanden,VR15,15,GGD Haaglanden,GG7014,7014,52915790.2978096,32602.3340315386,2021-07-22T00:00:00Z,2308,41,31,26214,8804.5,156.4,118.3,320
0786,GM0786,Grave,786,Noord-Brabant,PV30,30,Brabant-Noord,VR21,21,GGD Hart voor Brabant,GG5406,5406,28042630.8476639,27552.500429518,2021-07-22T00:00:00Z,1539,31,24,12437,12374.4,249.3,193,113
0840,GM0840,Rucphen,840,Noord-Brabant,PV30,30,Midden- en West-Brabant,VR20,20,GGD West-Brabant,GG5206,5206,64495709.9356728,47467.2762258154,2021-07-22T00:00:00Z,2450,46,16,22873,10711.3,201.1,70,256
1969,GM1969,Westerkwartier,1969,Groningen,PV20,20,Groningen,VR01,1,GGD Groningen,GG0111,111,368758718.670921,97459.3316891016,2021-07-22T00:00:00Z,3876,38,25,63375,6116,60,39.4,326
1884,GM1884,Kaag en Braassem,1884,Zuid-Holland,PV28,28,Hollands Midden,VR16,16,GGD Hollands-Midden,GG4506,4506,72283552.0648384,42601.4470112171,2021-07-22T00:00:00Z,2781,25,10,27300,10186.8,91.6,36.6,155
0610,GM0610,Sliedrecht,610,Zuid-Holland,PV28,28,Zuid-Holland-Zuid,VR18,18,Dienst Gezondheid & Jeugd Zuid-Holland Zuid,GG4816,4816,13997060.263546,16096.7662567799,2021-07-22T00:00:00Z,3526,33,41,25217,13982.6,130.9,162.6,266
0214,GM0214,Buren,214,Gelderland,PV25,25,Gelderland-Zuid,VR08,8,GGD Gelderland-Zuid,GG2014,2014,142896006.591755,70612.1196557473,2021-07-22T00:00:00Z,2661,40,20,26742,9950.6,149.6,74.8,59
0394,GM0394,Haarlemmermeer,394,Noord-Holland,PV27,27,Kennemerland,VR12,12,GGD Kennemerland,GG3109,3109,206279362.166687,72488.666892972193,2021-07-22T00:00:00Z,15736,186,110,156039,10084.7,119.2,70.5,119
0376,GM0376,Blaricum,376,Noord-Holland,PV27,27,Gooi en Vechtstreek,VR14,14,GGD Gooi en Vechtstreek,GG3606,3606,11211770.5009232,27328.8221642274,2021-07-22T00:00:00Z,1138,14,6,11536,9864.8,121.4,52,43
0193,GM0193,Zwolle,193,Overijssel,PV23,23,IJsselland,VR04,4,GGD Ijsselland,GG1009,1009,119361519.188675,64050.9691792548,2021-07-22T00:00:00Z,9080,108,113,128831,7048,83.8,87.7,355
0606,GM0606,Schiedam,606,Zuid-Holland,PV28,28,Rotterdam-Rijnmond,VR17,17,GGD Rotterdam-Rijnmond,GG4607,4607,19854890.8551788,23043.134384494,2021-07-22T00:00:00Z,9833,239,115,78739,12488.1,303.5,146.1,259
0537,GM0537,Katwijk,537,Zuid-Holland,PV28,28,Hollands Midden,VR16,16,GGD Hollands-Midden,GG4506,4506,26427712.8669357,26675.0910894249,2021-07-22T00:00:00Z,9128,113,59,65754,13882,171.9,89.7,158
0935,GM0935,Maastricht,935,Limburg,PV31,31,Zuid-Limburg,VR24,24,GGD Zuid-Limburg,GG6106,6106,60157133.2934837,42007.1753497611,2021-07-22T00:00:00Z,11421,346,198,121558,9395.5,284.6,162.9,187
1659,GM1659,Laarbeek,1659,Noord-Brabant,PV30,30,Brabant-Zuidoost,VR22,22,GGD Brabant-Zuidoost,GG5608,5608,56153722.1078568,37542.1870630994,2021-07-22T00:00:00Z,2736,62,36,22530,12143.8,275.2,159.8,163
0678,GM0678,Kapelle,678,Zeeland,PV29,29,Zeeland,VR19,19,GGD Zeeland,GG5006,5006,38235190.812233,32464.8838972026,2021-07-22T00:00:00Z,1122,16,6,12691,8840.9,126.1,47.3,157
1721,GM1721,Bernheze,1721,Noord-Brabant,PV30,30,Brabant-Noord,VR21,21,GGD Hart voor Brabant,GG5406,5406,90382941.3636322,46913.784791554,2021-07-22T00:00:00Z,4017,111,78,31247,12855.6,355.2,249.6,38
0530,GM0530,Hellevoetsluis,530,Zuid-Holland,PV28,28,Rotterdam-Rijnmond,VR17,17,GGD Rotterdam-Rijnmond,GG4607,4607,42724083.3781872,39773.1603945803,2021-07-22T00:00:00Z,3810,69,43,40158,9487.5,171.8,107.1,135
0420,GM0420,Medemblik,420,Noord-Holland,PV27,27,Noord-Holland-Noord,VR10,10,GGD Hollands-Noorden,GG2707,2707,125399363.233128,65436.198265731,2021-07-22T00:00:00Z,5621,58,26,45104,12462.3,128.6,57.6,188
0405,GM0405,Hoorn,405,Noord-Holland,PV27,27,Noord-Holland-Noord,VR10,10,GGD Hollands-Noorden,GG2707,2707,21062432.8543282,28442.5954006018,2021-07-22T00:00:00Z,8996,94,55,73232,12284.2,128.4,75.1,149
0356,GM0356,Nieuwegein,356,Utrecht,PV26,26,Utrecht,VR09,9,GGD regio Utrecht,GG2514,2514,25647161.1125526,23729.7586961856,2021-07-22T00:00:00Z,5839,135,30,63461,9200.9,212.7,47.3,204
0856,GM0856,Uden,856,Noord-Brabant,PV30,30,Brabant-Noord,VR21,21,GGD Hart voor Brabant,GG5406,5406,67527200.588829,41779.1224818227,2021-07-22T00:00:00Z,4487,139,86,42122,10652.4,330,204.2,291
1924,GM1924,Goeree-Overflakkee,1924,Zuid-Holland,PV28,28,Rotterdam-Rijnmond,VR17,17,GGD Rotterdam-Rijnmond,GG4607,4607,268487326.798256,143624.56902017,2021-07-22T00:00:00Z,5041,131,90,50049,10072.1,261.7,179.8,107
0575,GM0575,Noordwijk,575,Zuid-Holland,PV28,28,Hollands Midden,VR16,16,GGD Hollands-Midden,GG4506,4506,59271012.7834587,37951.5038026219,2021-07-22T00:00:00Z,4762,65,23,43528,10940.1,149.3,52.8,213
0263,GM0263,Maasdriel,263,Gelderland,PV25,25,Gelderland-Zuid,VR08,8,GGD Gelderland-Zuid,GG2014,2014,75596711.8531837,52273.4689102556,2021-07-22T00:00:00Z,3782,43,42,25034,15107.5,171.8,167.8,184
1904,GM1904,Stichtse Vecht,1904,Utrecht,PV26,26,Utrecht,VR09,9,GGD regio Utrecht,GG2514,2514,106890764.06522,82649.5856396085,2021-07-22T00:00:00Z,6389,146,69,64928,9840.1,224.9,106.3,278
1685,GM1685,Landerd,1685,Noord-Brabant,PV30,30,Brabant-Noord,VR21,21,GGD Hart voor Brabant,GG5406,5406,70760058.4097748,49015.5736799215,2021-07-22T00:00:00Z,1966,51,28,15730,12498.4,324.2,178,164
1695,GM1695,Noord-Beveland,1695,Zeeland,PV29,29,Zeeland,VR19,19,GGD Zeeland,GG5006,5006,92986503.7776289,52860.0108322195,2021-07-22T00:00:00Z,585,20,9,7395,7910.8,270.5,121.7,210
0168,GM0168,Losser,168,Overijssel,PV23,23,Twente,VR05,5,GGD Twente,GG1106,1106,99716485.3329926,54989.1109513104,2021-07-22T00:00:00Z,2897,50,33,22685,12770.6,220.4,145.5,183
0796,GM0796,'s-Hertogenbosch,796,Noord-Brabant,PV30,30,Brabant-Noord,VR21,21,GGD Hart voor Brabant,GG5406,5406,117766029.255421,69415.5834847616,2021-07-22T00:00:00Z,18535,261,171,155113,11949.4,168.3,110.2,2
1714,GM1714,Sluis,1714,Zeeland,PV29,29,Zeeland,VR19,19,GGD Zeeland,GG5006,5006,283309984.114966,102088.021334559,2021-07-22T00:00:00Z,1542,46,18,23217,6641.7,198.1,77.5,267
0416,GM0416,Langedijk,416,Noord-Holland,PV27,27,Noord-Holland-Noord,VR10,10,GGD Hollands-Noorden,GG2707,2707,27013732.9781075,30209.2645489127,2021-07-22T00:00:00Z,2875,35,16,28157,10210.6,124.3,56.8,167
0050,GM0050,Zeewolde,50,Flevoland,PV24,24,Flevoland,VR25,25,GGD Flevoland,GG2209,2209,253309962.43119,85978.8271484511,2021-07-22T00:00:00Z,1899,22,14,22656,8381.9,97.1,61.8,345
0546,GM0546,Leiden,546,Zuid-Holland,PV28,28,Hollands Midden,VR16,16,GGD Hollands-Midden,GG4506,4506,23305762.7745056,25537.2031772743,2021-07-22T00:00:00Z,12644,138,70,125174,10101.1,110.2,55.9,171
1709,GM1709,Moerdijk,1709,Noord-Brabant,PV30,30,Midden- en West-Brabant,VR20,20,GGD West-Brabant,GG5206,5206,162777295.237984,86946.2344235811,2021-07-22T00:00:00Z,3781,46,41,37136,10181.5,123.9,110.4,197
0917,GM0917,Heerlen,917,Limburg,PV31,31,Zuid-Limburg,VR24,24,GGD Zuid-Limburg,GG6106,6106,45541283.9484482,42847.014192268,2021-07-22T00:00:00Z,7847,246,126,87057,9013.6,282.6,144.7,131
1525,GM1525,Teylingen,1525,Zuid-Holland,PV28,28,Hollands Midden,VR16,16,GGD Hollands-Midden,GG4506,4506,33479356.5793457,30355.0464873006,2021-07-22T00:00:00Z,4334,39,25,37426,11580.2,104.2,66.8,283
0363,GM0363,Amsterdam,363,Noord-Holland,PV27,27,Amsterdam-Amstelland,VR13,13,GGD Amsterdam,GG3406,3406,196506076.760612,118977.148641742,2021-07-22T00:00:00Z,104521,1982,818,872779,11975.7,227.1,93.7,18
0715,GM0715,Terneuzen,715,Zeeland,PV29,29,Zeeland,VR19,19,GGD Zeeland,GG5006,5006,260823674.424031,103713.76162984,2021-07-22T00:00:00Z,4288,119,29,54438,7876.9,218.6,53.3,280
0358,GM0358,Aalsmeer,358,Noord-Holland,PV27,27,Amsterdam-Amstelland,VR13,13,GGD Amsterdam,GG3406,3406,32312681.1340675,32690.9892688834,2021-07-22T00:00:00Z,3673,39,26,31857,11529.6,122.4,81.6,4
1729,GM1729,Gulpen-Wittem,1729,Limburg,PV31,31,Zuid-Limburg,VR24,24,GGD Zuid-Limburg,GG6106,6106,73352568.0624352,49542.3987862743,2021-07-22T00:00:00Z,1230,31,19,14176,8676.6,218.7,134,115
0203,GM0203,Barneveld,203,Gelderland,PV25,25,Gelderland-Midden,VR07,7,Veiligheids- en Gezondheidsregio Gelderland-Midden,GG1911,1911,176687116.336815,84598.6759210968,2021-07-22T00:00:00Z,8148,65,64,59077,13792.2,110,108.3,27
1950,GM1950,Westerwolde,1950,Groningen,PV20,20,Groningen,VR01,1,GGD Groningen,GG0111,111,280618077.352539,102268.057028413,2021-07-22T00:00:00Z,2424,36,21,25796,9396.8,139.6,81.4,329
1507,GM1507,Horst aan de Maas,1507,Limburg,PV31,31,Limburg-Noord,VR23,23,GGD Limburg-Noord,GG6011,6011,191900898.092262,71494.7454986954,2021-07-22T00:00:00Z,6156,61,66,42433,14507.6,143.8,155.5,150
0889,GM0889,Beesel,889,Limburg,PV31,31,Limburg-Noord,VR23,23,GGD Limburg-Noord,GG6011,6011,29165270.6290436,24393.7164029837,2021-07-22T00:00:00Z,1545,30,13,13483,11458.9,222.5,96.4,31
0448,GM0448,Texel,448,Noord-Holland,PV27,27,Noord-Holland-Noord,VR10,10,GGD Hollands-Noorden,GG2707,2707,166799382.951534,72859.7208130466,2021-07-22T00:00:00Z,680,6,4,13573,5009.9,44.2,29.5,282
0677,GM0677,Hulst,677,Zeeland,PV29,29,Zeeland,VR19,19,GGD Zeeland,GG5006,5006,205001143.750921,103949.513425406,2021-07-22T00:00:00Z,1939,41,13,27556,7036.6,148.8,47.2,153
1895,GM1895,Oldambt,1895,Groningen,PV20,20,Groningen,VR01,1,GGD Groningen,GG0111,111,240283370.672897,80755.7507114046,2021-07-22T00:00:00Z,2951,44,37,38213,7722.5,115.1,96.8,219
0590,GM0590,Papendrecht,590,Zuid-Holland,PV28,28,Zuid-Holland-Zuid,VR18,18,Dienst Gezondheid & Jeugd Zuid-Holland Zuid,GG4816,4816,10760082.9674149,14885.3316519036,2021-07-22T00:00:00Z,3749,47,46,32133,11667.1,146.3,143.2,235
0352,GM0352,Wijk bij Duurstede,352,Utrecht,PV26,26,Utrecht,VR09,9,GGD regio Utrecht,GG2514,2514,50435536.4325714,36892.8926968642,2021-07-22T00:00:00Z,2063,34,17,23910,8628.2,142.2,71.1,336
0279,GM0279,Scherpenzeel,279,Gelderland,PV25,25,Gelderland-Midden,VR07,7,Veiligheids- en Gezondheidsregio Gelderland-Midden,GG1911,1911,13818668.4589462,18781.9595326064,2021-07-22T00:00:00Z,1143,5,12,9880,11568.8,50.6,121.5,258
0289,GM0289,Wageningen,289,Gelderland,PV25,25,Gelderland-Midden,VR07,7,Veiligheids- en Gezondheidsregio Gelderland-Midden,GG1911,1911,32404972.5918503,33760.8359858912,2021-07-22T00:00:00Z,3443,43,42,39673,8678.4,108.4,105.9,319
0944,GM0944,Mook en Middelaar,944,Limburg,PV31,31,Limburg-Noord,VR23,23,GGD Limburg-Noord,GG6011,6011,18764906.0408859,19605.757638186,2021-07-22T00:00:00Z,666,11,11,7847,8487.3,140.2,140.2,201
0344,GM0344,Utrecht,344,Utrecht,PV26,26,Utrecht,VR09,9,GGD regio Utrecht,GG2514,2514,99221364.9746513,58974.4980510777,2021-07-22T00:00:00Z,38972,737,251,357694,10895.3,206,70.2,295
0626,GM0626,Voorschoten,626,Zuid-Holland,PV28,28,Hollands Midden,VR16,16,GGD Hollands-Midden,GG4506,4506,11535084.2522659,16204.0044034435,2021-07-22T00:00:00Z,2079,23,24,25603,8120.1,89.8,93.7,312
0513,GM0513,Gouda,513,Zuid-Holland,PV28,28,Hollands Midden,VR16,16,GGD Hollands-Midden,GG4506,4506,18105156.2721596,22957.6931334553,2021-07-22T00:00:00Z,8265,278,160,73443,11253.6,378.5,217.9,112
0479,GM0479,Zaanstad,479,Noord-Holland,PV27,27,Zaanstreek-Waterland,VR11,11,GGD Zaanstreek/Waterland,GG7306,7306,83238027.7155533,41760.1427661246,2021-07-22T00:00:00Z,16854,315,176,156711,10754.8,201,112.3,342
0589,GM0589,Oudewater,589,Utrecht,PV26,26,Utrecht,VR09,9,GGD regio Utrecht,GG2514,2514,40096965.4281693,35639.3622610668,2021-07-22T00:00:00Z,1113,38,12,10226,10884,371.6,117.3,233
0907,GM0907,Gennep,907,Limburg,PV31,31,Limburg-Noord,VR23,23,GGD Limburg-Noord,GG6011,6011,50427930.9170685,36416.5878529968,2021-07-22T00:00:00Z,1882,28,19,16924,11120.3,165.4,112.3,105
0293,GM0293,Westervoort,293,Gelderland,PV25,25,Gelderland-Midden,VR07,7,Veiligheids- en Gezondheidsregio Gelderland-Midden,GG1911,1911,7831564.76445007,14462.7331064972,2021-07-22T00:00:00Z,1269,21,9,14973,8475.3,140.3,60.1,328
0988,GM0988,Weert,988,Limburg,PV31,31,Limburg-Noord,VR23,23,GGD Limburg-Noord,GG6011,6011,105520846.145218,49762.4239874371,2021-07-22T00:00:00Z,6542,114,69,50107,13056.1,227.5,137.7,322
1900,GM1900,Súdwest-Fryslân,1900,Friesland,PV21,21,Fryslân,VR02,2,GGD Fryslân,GG7206,7206,576711340.955566,203083.932433183,2021-07-22T00:00:00Z,8314,76,90,89987,9239.1,84.5,100,279
0879,GM0879,Zundert,879,Noord-Brabant,PV30,30,Midden- en West-Brabant,VR20,20,GGD West-Brabant,GG5206,5206,121149208.465237,56115.356626852,2021-07-22T00:00:00Z,1855,36,17,21821,8501,165,77.9,351
0748,GM0748,Bergen op Zoom,748,Noord-Brabant,PV30,30,Midden- en West-Brabant,VR20,20,GGD West-Brabant,GG5206,5206,93105026.9789104,48480.9571472233,2021-07-22T00:00:00Z,7412,94,44,67489,10982.5,139.3,65.2,36
1940,GM1940,De Fryske Marren,1940,Friesland,PV21,21,Fryslân,VR02,2,GGD Fryslân,GG7206,7206,418139390.609215,130418.554076991,2021-07-22T00:00:00Z,4021,56,33,51567,7797.6,108.6,64,69
1859,GM1859,Berkelland,1859,Gelderland,PV25,25,Noord- en Oost-Gelderland,VR06,6,GGD Noord- en Oost-Gelderland,GG1413,1413,260169256.335594,97917.2120648871,2021-07-22T00:00:00Z,4179,42,42,43748,9552.4,96,96,37
0163,GM0163,Hellendoorn,163,Overijssel,PV23,23,Twente,VR05,5,GGD Twente,GG1106,1106,138972581.49688,66798.2990800327,2021-07-22T00:00:00Z,4564,44,51,35923,12705,122.5,142,134
0717,GM0717,Veere,717,Zeeland,PV29,29,Zeeland,VR19,19,GGD Zeeland,GG5006,5006,142444160.024337,89428.5538098024,2021-07-22T00:00:00Z,1545,31,7,21885,7059.6,141.6,32,302
1842,GM1842,Midden-Delfland,1842,Zuid-Holland,PV28,28,Haaglanden,VR15,15,GGD Haaglanden,GG7014,7014,49413536.0311203,49250.1914749005,2021-07-22T00:00:00Z,2172,19,14,19344,11228.3,98.2,72.4,193
0664,GM0664,Goes,664,Zeeland,PV29,29,Zeeland,VR19,19,GGD Zeeland,GG5006,5006,99174020.9053173,52553.0823751911,2021-07-22T00:00:00Z,2979,99,31,38080,7823,260,81.4,108
1652,GM1652,Gemert-Bakel,1652,Noord-Brabant,PV30,30,Brabant-Zuidoost,VR22,22,GGD Brabant-Zuidoost,GG5608,5608,123340745.587254,46889.8146340114,2021-07-22T00:00:00Z,3116,101,38,30725,10141.6,328.7,123.7,104
0828,GM0828,Oss,828,Noord-Brabant,PV30,30,Brabant-Noord,VR21,21,GGD Hart voor Brabant,GG5406,5406,170829173.903301,72022.4959634815,2021-07-22T00:00:00Z,11340,244,129,91932,12335.2,265.4,140.3,230
0453,GM0453,Velsen,453,Noord-Holland,PV27,27,Kennemerland,VR12,12,GGD Kennemerland,GG3109,3109,49966034.7791138,59568.0867610975,2021-07-22T00:00:00Z,7653,104,90,68660,11146.2,151.5,131.1,304
1735,GM1735,Hof van Twente,1735,Overijssel,PV23,23,Twente,VR05,5,GGD Twente,GG1106,1106,215422253.667587,73969.1151151843,2021-07-22T00:00:00Z,3913,34,29,35013,11175.8,97.1,82.8,146
0175,GM0175,Ommen,175,Overijssel,PV23,23,IJsselland,VR04,4,GGD Ijsselland,GG1009,1009,182024143.341805,76840.2640504636,2021-07-22T00:00:00Z,1554,15,16,18007,8630,83.3,88.9,223
1955,GM1955,Montferland,1955,Gelderland,PV25,25,Noord- en Oost-Gelderland,VR06,6,GGD Noord- en Oost-Gelderland,GG1413,1413,106651697.786461,59595.3690165343,2021-07-22T00:00:00Z,3290,42,24,36009,9136.6,116.6,66.7,199
1702,GM1702,Sint Anthonis,1702,Noord-Brabant,PV30,30,Brabant-Noord,VR21,21,GGD Hart voor Brabant,GG5406,5406,99806672.452713,46093.5236987389,2021-07-22T00:00:00Z,1275,27,11,11672,10923.6,231.3,94.2,264
1876,GM1876,Bronckhorst,1876,Gelderland,PV25,25,Noord- en Oost-Gelderland,VR06,6,GGD Noord- en Oost-Gelderland,GG1413,1413,286413699.908897,106377.85551566,2021-07-22T00:00:00Z,3274,37,21,36052,9081.3,102.6,58.2,54
1674,GM1674,Roosendaal,1674,Noord-Brabant,PV30,30,Midden- en West-Brabant,VR20,20,GGD West-Brabant,GG5206,5206,107177249.751303,53007.5618920862,2021-07-22T00:00:00Z,8322,103,75,77226,10776.2,133.4,97.1,253
0213,GM0213,Brummen,213,Gelderland,PV25,25,Noord- en Oost-Gelderland,VR06,6,GGD Noord- en Oost-Gelderland,GG1413,1413,84961199.0647049,54145.3258327691,2021-07-22T00:00:00Z,1660,33,18,20756,7997.7,159,86.7,55
0866,GM0866,Waalre,866,Noord-Brabant,PV30,30,Brabant-Zuidoost,VR22,22,GGD Brabant-Zuidoost,GG5608,5608,22666997.9735603,20585.9437866673,2021-07-22T00:00:00Z,1745,19,17,17454,9997.7,108.9,97.4,316
0756,GM0756,Boxmeer,756,Noord-Brabant,PV30,30,Brabant-Noord,VR21,21,GGD Hart voor Brabant,GG5406,5406,113839055.9412,65331.7278909064,2021-07-22T00:00:00Z,3492,40,45,29371,11889.3,136.2,153.2,50
1979,GM1979,Eemsdelta,1979,Groningen,PV20,20,Groningen,VR01,1,GGD Groningen,GG0111,111,272235504.246429,118909.774982795,2021-07-22T00:00:00Z,2978,50,23,45843,6496.1,109.1,50.2,356
1667,GM1667,Reusel-De Mierden,1667,Noord-Brabant,PV30,30,Brabant-Zuidoost,VR22,22,GGD Brabant-Zuidoost,GG5608,5608,78694723.1168404,41560.8117212417,2021-07-22T00:00:00Z,1728,23,10,13110,13180.8,175.4,76.3,245
0599,GM0599,Rotterdam,599,Zuid-Holland,PV28,28,Rotterdam-Rijnmond,VR17,17,GGD Rotterdam-Rijnmond,GG4607,4607,270521238.907356,217898.152516374,2021-07-22T00:00:00Z,88566,1984,973,651376,13596.8,304.6,149.4,254
0262,GM0262,Lochem,262,Gelderland,PV25,25,Noord- en Oost-Gelderland,VR06,6,GGD Noord- en Oost-Gelderland,GG1413,1413,215953028.008545,86190.1932225132,2021-07-22T00:00:00Z,2441,38,29,33730,7236.9,112.7,86,179
0171,GM0171,Noordoostpolder,171,Flevoland,PV24,24,Flevoland,VR25,25,GGD Flevoland,GG2209,2209,464191584.498604,115368.205951091,2021-07-22T00:00:00Z,3702,36,28,47262,7832.9,76.2,59.2,212
0432,GM0432,Opmeer,432,Noord-Holland,PV27,27,Noord-Holland-Noord,VR10,10,GGD Hollands-Noorden,GG2707,2707,41912116.6716118,32103.2687930376,2021-07-22T00:00:00Z,1369,11,6,11837,11565.4,92.9,50.7,228
1892,GM1892,Zuidplas,1892,Zuid-Holland,PV28,28,Hollands Midden,VR16,16,GGD Hollands-Midden,GG4506,4506,64037198.3779984,56208.7770952728,2021-07-22T00:00:00Z,5168,121,47,43894,11773.8,275.7,107.1,350
0861,GM0861,Veldhoven,861,Noord-Brabant,PV30,30,Brabant-Zuidoost,VR22,22,GGD Brabant-Zuidoost,GG5608,5608,31892677.9515877,28982.8220332471,2021-07-22T00:00:00Z,5303,85,50,45458,11665.7,187,110,303
0824,GM0824,Oisterwijk,824,Noord-Brabant,PV30,30,Midden- en West-Brabant,VR20,20,GGD Hart voor Brabant,GG5406,5406,65085242.0925522,37943.7964420717,2021-07-22T00:00:00Z,3328,55,22,37949,10360.5,171.2,68.5,218
0267,GM0267,Nijkerk,267,Gelderland,PV25,25,Gelderland-Midden,VR07,7,Veiligheids- en Gezondheidsregio Gelderland-Midden,GG1911,1911,69886855.5278549,56386.7416311579,2021-07-22T00:00:00Z,4778,52,29,43176,11066.3,120.4,67.2,206
0523,GM0523,Hardinxveld-Giessendam,523,Zuid-Holland,PV28,28,Zuid-Holland-Zuid,VR18,18,Dienst Gezondheid & Jeugd Zuid-Holland Zuid,GG4816,4816,19372825.6481781,25163.8824911202,2021-07-22T00:00:00Z,2868,17,25,18295,15676.4,92.9,136.6,123
0547,GM0547,Leiderdorp,547,Zuid-Holland,PV28,28,Hollands Midden,VR16,16,GGD Hollands-Midden,GG4506,4506,12294148.0874558,16253.6306530027,2021-07-22T00:00:00Z,2495,36,23,27059,9220.6,133,85,172
0317,GM0317,Eemnes,317,Utrecht,PV26,26,Utrecht,VR09,9,GGD regio Utrecht,GG2514,2514,31476544.9292068,26176.4421317148,2021-07-22T00:00:00Z,1042,19,5,9247,11268.5,205.5,54.1,91
0301,GM0301,Zutphen,301,Gelderland,PV25,25,Noord- en Oost-Gelderland,VR06,6,GGD Noord- en Oost-Gelderland,GG1413,1413,42954165.9950638,43353.3438517759,2021-07-22T00:00:00Z,3446,55,29,47942,7187.9,114.7,60.5,352
0034,GM0034,Almere,34,Flevoland,PV24,24,Flevoland,VR25,25,GGD Flevoland,GG2209,2209,139862163.599083,59737.2925489043,2021-07-22T00:00:00Z,21243,342,96,211840,10027.9,161.4,45.3,11
0037,GM0037,Stadskanaal,37,Groningen,PV20,20,Groningen,VR01,1,GGD Groningen,GG0111,111,120028760.508255,63423.8602665789,2021-07-22T00:00:00Z,2609,24,20,31688,8233.4,75.7,63.1,272
1949,GM1949,Waadhoeke,1949,Friesland,PV21,21,Fryslân,VR02,2,GGD Fryslân,GG7206,7206,290158764.96096,100138.783040498,2021-07-22T00:00:00Z,3076,40,37,46082,6675.5,86.8,80.3,315
0716,GM0716,Tholen,716,Zeeland,PV29,29,Zeeland,VR19,19,GGD Zeeland,GG5006,5006,158362643.122112,83878.5334505034,2021-07-22T00:00:00Z,3030,71,30,25758,11763.3,275.6,116.5,284
0402,GM0402,Hilversum,402,Noord-Holland,PV27,27,Gooi en Vechtstreek,VR14,14,GGD Gooi en Vechtstreek,GG3606,3606,46359262.5431023,44750.4206968155,2021-07-22T00:00:00Z,7858,92,86,90883,8646.3,101.2,94.6,144
0785,GM0785,Goirle,785,Noord-Brabant,PV30,30,Midden- en West-Brabant,VR20,20,GGD Hart voor Brabant,GG5406,5406,43401924.0535927,41804.0623195899,2021-07-22T00:00:00Z,2676,42,36,23906,11193.8,175.7,150.6,109
0579,GM0579,Oegstgeest,579,Zuid-Holland,PV28,28,Hollands Midden,VR16,16,GGD Hollands-Midden,GG4506,4506,7947447.97873688,18854.5415523587,2021-07-22T00:00:00Z,2191,23,31,24843,8819.4,92.6,124.8,216
0180,GM0180,Staphorst,180,Overijssel,PV23,23,IJsselland,VR04,4,GGD Ijsselland,GG1009,1009,135718839.771156,57797.4660233176,2021-07-22T00:00:00Z,2428,18,21,17144,14162.4,105,122.5,273
1723,GM1723,Alphen-Chaam,1723,Noord-Brabant,PV30,30,Midden- en West-Brabant,VR20,20,GGD West-Brabant,GG5206,5206,93540529.0382805,65684.8784518118,2021-07-22T00:00:00Z,992,24,5,10213,9713.1,235,49,12
1952,GM1952,Midden-Groningen,1952,Groningen,PV20,20,Groningen,VR01,1,GGD Groningen,GG0111,111,295800445.184753,99768.0474302416,2021-07-22T00:00:00Z,4061,55,39,60804,6678.8,90.5,64.1,195
0473,GM0473,Zandvoort,473,Noord-Holland,PV27,27,Kennemerland,VR12,12,GGD Kennemerland,GG3109,3109,33874931.0541878,25501.3104279299,2021-07-22T00:00:00Z,1600,22,43,17116,9348,128.5,251.2,344
0353,GM0353,IJsselstein,353,Utrecht,PV26,26,Utrecht,VR09,9,GGD regio Utrecht,GG2514,2514,21644631.4719048,25309.2997887942,2021-07-22T00:00:00Z,3580,87,55,34110,10495.5,255.1,161.2,154
0399,GM0399,Heiloo,399,Noord-Holland,PV27,27,Noord-Holland-Noord,VR10,10,GGD Hollands-Noorden,GG2707,2707,18996561.2494354,20266.3680487979,2021-07-22T00:00:00Z,2052,23,15,23974,8559.3,95.9,62.6,133
1978,GM1978,Molenlanden,1978,Zuid-Holland,PV28,28,Zuid-Holland-Zuid,VR18,18,Dienst Gezondheid & Jeugd Zuid-Holland Zuid,GG4816,4816,191613232.574406,88033.7118904821,2021-07-22T00:00:00Z,6031,54,35,43931,13728.3,122.9,79.7,198
1669,GM1669,Roerdalen,1669,Limburg,PV31,31,Limburg-Noord,VR23,23,GGD Limburg-Noord,GG6011,6011,88788151.773777,65831.3683256235,2021-07-22T00:00:00Z,2167,48,35,20572,10533.7,233.3,170.1,251
0743,GM0743,Asten,743,Noord-Brabant,PV30,30,Brabant-Zuidoost,VR22,22,GGD Brabant-Zuidoost,GG5608,5608,71323969.1653137,39379.4705935365,2021-07-22T00:00:00Z,1819,33,18,16734,10870.1,197.2,107.6,23
0377,GM0377,Bloemendaal,377,Noord-Holland,PV27,27,Kennemerland,VR12,12,GGD Kennemerland,GG3109,3109,40638304.2663574,43298.8793451303,2021-07-22T00:00:00Z,2017,16,17,23570,8557.5,67.9,72.1,44
0614,GM0614,Westvoorne,614,Zuid-Holland,PV28,28,Rotterdam-Rijnmond,VR17,17,GGD Rotterdam-Rijnmond,GG4607,4607,58929659.6393108,42760.6904383256,2021-07-22T00:00:00Z,1218,23,19,14728,8270,156.2,129,332
0597,GM0597,Ridderkerk,597,Zuid-Holland,PV28,28,Rotterdam-Rijnmond,VR17,17,GGD Rotterdam-Rijnmond,GG4607,4607,25239302.0066414,22634.7505729746,2021-07-22T00:00:00Z,6238,114,89,46204,13501,246.7,192.6,248
0313,GM0313,Bunschoten,313,Utrecht,PV26,26,Utrecht,VR09,9,GGD regio Utrecht,GG2514,2514,30798860.6503525,24531.9629384499,2021-07-22T00:00:00Z,4352,62,39,21867,19902.1,283.5,178.4,58
0141,GM0141,Almelo,141,Overijssel,PV23,23,Twente,VR05,5,GGD Twente,GG1106,1106,69410856.0931854,43568.8613298553,2021-07-22T00:00:00Z,8091,108,59,73080,11071.4,147.8,80.7,10
1773,GM1773,Olst-Wijhe,1773,Overijssel,PV23,23,IJsselland,VR04,4,GGD Ijsselland,GG1009,1009,118304780.319031,65033.8255502083,2021-07-22T00:00:00Z,1487,21,10,18251,8147.5,115.1,54.8,222
0501,GM0501,Brielle,501,Zuid-Holland,PV28,28,Rotterdam-Rijnmond,VR17,17,GGD Rotterdam-Rijnmond,GG4607,4607,31126674.6130924,27735.6553662602,2021-07-22T00:00:00Z,1768,31,10,17282,10230.3,179.4,57.9,53
0400,GM0400,Den Helder,400,Noord-Holland,PV27,27,Noord-Holland-Noord,VR10,10,GGD Hollands-Noorden,GG2707,2707,47221145.7311096,37316.1306882483,2021-07-22T00:00:00Z,5584,67,39,56305,9917.4,119,69.3,74
1681,GM1681,Borger-Odoorn,1681,Drenthe,PV22,22,Drenthe,VR03,3,GGD Drente,GG0706,706,277968150.944565,67378.3712861294,2021-07-22T00:00:00Z,1660,32,15,25558,6495,125.2,58.7,47
0505,GM0505,Dordrecht,505,Zuid-Holland,PV28,28,Zuid-Holland-Zuid,VR18,18,Dienst Gezondheid & Jeugd Zuid-Holland Zuid,GG4816,4816,98928486.6829529,51654.4542773811,2021-07-22T00:00:00Z,15093,266,181,119300,12651.3,223,151.7,82
1963,GM1963,Hoeksche Waard,1963,Zuid-Holland,PV28,28,Zuid-Holland-Zuid,VR18,18,Dienst Gezondheid & Jeugd Zuid-Holland Zuid,GG4816,4816,283919754.789406,92078.5996387742,2021-07-22T00:00:00Z,9219,155,67,87461,10540.7,177.2,76.6,145
0327,GM0327,Leusden,327,Utrecht,PV26,26,Utrecht,VR09,9,GGD regio Utrecht,GG2514,2514,58873328.2302895,42159.6567419693,2021-07-22T00:00:00Z,2634,41,24,30399,8664.8,134.9,78.9,176
1901,GM1901,Bodegraven-Reeuwijk,1901,Zuid-Holland,PV28,28,Hollands Midden,VR16,16,GGD Hollands-Midden,GG4506,4506,88598852.8909607,50077.0517310984,2021-07-22T00:00:00Z,4267,77,37,34869,12237.2,220.8,106.1,45
0153,GM0153,Enschede,153,Overijssel,PV23,23,Twente,VR05,5,GGD Twente,GG1106,1106,142733269.065292,52865.2520117792,2021-07-22T00:00:00Z,15761,243,175,159734,9867,152.1,109.6,98
0431,GM0431,Oostzaan,431,Noord-Holland,PV27,27,Zaanstreek-Waterland,VR11,11,GGD Zaanstreek/Waterland,GG7306,7306,16087876.7071342,18553.6092686432,2021-07-22T00:00:00Z,1033,16,8,9733,10613.4,164.4,82.2,227
0766,GM0766,Dongen,766,Noord-Brabant,PV30,30,Midden- en West-Brabant,VR20,20,GGD Hart voor Brabant,GG5406,5406,29718598.7315636,28311.1148903659,2021-07-22T00:00:00Z,3213,46,25,26226,12251.2,175.4,95.3,81
0310,GM0310,De Bilt,310,Utrecht,PV26,26,Utrecht,VR09,9,GGD regio Utrecht,GG2514,2514,67090123.7834511,42994.573827668,2021-07-22T00:00:00Z,4101,75,78,43124,9509.8,173.9,180.9,68
0060,GM0060,Ameland,60,Friesland,PV21,21,Fryslân,VR02,2,GGD Fryslân,GG7206,7206,59004814.9070969,54357.1757104799,2021-07-22T00:00:00Z,269,3,1,3718,7235.1,80.7,26.9,15
0230,GM0230,Elburg,230,Gelderland,PV25,25,Noord- en Oost-Gelderland,VR06,6,GGD Noord- en Oost-Gelderland,GG1413,1413,64158097.3860168,43828.4198198442,2021-07-22T00:00:00Z,2210,39,14,23161,9541.9,168.4,60.4,95
0845,GM0845,Sint-Michielsgestel,845,Noord-Brabant,PV30,30,Brabant-Noord,VR21,21,GGD Hart voor Brabant,GG5406,5406,59365833.3664742,52264.8209876239,2021-07-22T00:00:00Z,3516,52,34,29203,12039.9,178.1,116.4,263
0303,GM0303,Dronten,303,Flevoland,PV24,24,Flevoland,VR25,25,GGD Flevoland,GG2209,2209,337420824.929031,84218.7055874439,2021-07-22T00:00:00Z,3306,63,25,41569,7953,151.6,60.1,85
0995,GM0995,Lelystad,995,Flevoland,PV24,24,Flevoland,VR25,25,GGD Flevoland,GG2209,2209,265147571.25573,155780.731247509,2021-07-22T00:00:00Z,6266,139,62,78619,7970.1,176.8,78.9,174
1640,GM1640,Leudal,1640,Limburg,PV31,31,Limburg-Noord,VR23,23,GGD Limburg-Noord,GG6011,6011,164941435.759884,73107.9227189713,2021-07-22T00:00:00Z,4235,76,52,35896,11798,211.7,144.9,175
1961,GM1961,Vijfheerenlanden,1961,Utrecht,PV26,26,Utrecht,VR09,9,GGD regio Utrecht,GG2514,2514,153354219.438896,62491.4219545724,2021-07-22T00:00:00Z,6606,124,76,56816,11627,218.2,133.8,307
1742,GM1742,Rijssen-Holten,1742,Overijssel,PV23,23,Twente,VR05,5,GGD Twente,GG1106,1106,94344107.7934341,44594.8699277511,2021-07-22T00:00:00Z,5115,55,54,38178,13397.8,144.1,141.4,249
0986,GM0986,Voerendaal,986,Limburg,PV31,31,Zuid-Limburg,VR24,24,GGD Zuid-Limburg,GG6106,6106,31529596.0058556,26782.2108259236,2021-07-22T00:00:00Z,1127,25,11,12471,9037,200.5,88.2,311
1696,GM1696,Wijdemeren,1696,Noord-Holland,PV27,27,Gooi en Vechtstreek,VR14,14,GGD Gooi en Vechtstreek,GG3606,3606,76339289.3928337,48905.8474414148,2021-07-22T00:00:00Z,2175,25,18,24360,8928.6,102.6,73.9,335
0273,GM0273,Putten,273,Gelderland,PV25,25,Noord- en Oost-Gelderland,VR06,6,GGD Noord- en Oost-Gelderland,GG1413,1413,85255059.1267242,40718.969165944,2021-07-22T00:00:00Z,2638,21,18,24113,10940.2,87.1,74.6,240
0269,GM0269,Oldebroek,269,Gelderland,PV25,25,Noord- en Oost-Gelderland,VR06,6,GGD Noord- en Oost-Gelderland,GG1413,1413,98345889.2018356,50844.2388463207,2021-07-22T00:00:00Z,2341,50,30,23645,9900.6,211.5,126.9,220
1724,GM1724,Bergeijk,1724,Noord-Brabant,PV30,30,Brabant-Zuidoost,VR22,22,GGD Brabant-Zuidoost,GG5608,5608,101789024.60619,57775.124851229,2021-07-22T00:00:00Z,2384,28,11,18638,12791.1,150.2,59,33
0703,GM0703,Reimerswaal,703,Zeeland,PV29,29,Zeeland,VR19,19,GGD Zeeland,GG5006,5006,114196577.599363,80706.0200579402,2021-07-22T00:00:00Z,3138,59,17,22728,13806.8,259.6,74.8,242
0059,GM0059,Achtkarspelen,59,Friesland,PV21,21,Fryslân,VR02,2,GGD Fryslân,GG7206,7206,103994367.458435,55508.9622207415,2021-07-22T00:00:00Z,2438,27,39,27836,8758.4,97,140.1,6
0398,GM0398,Heerhugowaard,398,Noord-Holland,PV27,27,Noord-Holland-Noord,VR10,10,GGD Hollands-Noorden,GG2707,2707,40017277.5096359,34713.9468870785,2021-07-22T00:00:00Z,6226,61,38,57592,10810.5,105.9,66,130
0851,GM0851,Steenbergen,851,Noord-Brabant,PV30,30,Midden- en West-Brabant,VR20,20,GGD West-Brabant,GG5206,5206,151237409.637049,55356.4522457823,2021-07-22T00:00:00Z,2496,33,19,24501,10187.3,134.7,77.5,275
0798,GM0798,Hilvarenbeek,798,Noord-Brabant,PV30,30,Midden- en West-Brabant,VR20,20,GGD Hart voor Brabant,GG5406,5406,96469339.1117706,52687.9432879182,2021-07-22T00:00:00Z,1734,20,20,15514,11177,128.9,128.9,143
0383,GM0383,Castricum,383,Noord-Holland,PV27,27,Noord-Holland-Noord,VR10,10,GGD Hollands-Noorden,GG2707,2707,55390580.5231667,43245.1995929594,2021-07-22T00:00:00Z,3442,27,24,35988,9564.3,75,66.7,61
1960,GM1960,West Betuwe,1960,Gelderland,PV25,25,Gelderland-Zuid,VR08,8,GGD Gelderland-Zuid,GG2014,2014,229041811.502151,88372.8701649191,2021-07-22T00:00:00Z,6358,87,61,51198,12418.5,169.9,119.1,324
1948,GM1948,Meierijstad,1948,Noord-Brabant,PV30,30,Brabant-Noord,VR21,21,GGD Hart voor Brabant,GG5406,5406,185524021.87323,78059.6956162774,2021-07-22T00:00:00Z,9431,263,167,81197,11615,323.9,205.7,190
0873,GM0873,Woensdrecht,873,Noord-Brabant,PV30,30,Midden- en West-Brabant,VR20,20,GGD West-Brabant,GG5206,5206,91979634.8992958,48253.0513022956,2021-07-22T00:00:00Z,2079,23,26,21883,9500.5,105.1,118.8,338
0642,GM0642,Zwijndrecht,642,Zuid-Holland,PV28,28,Zuid-Holland-Zuid,VR18,18,Dienst Gezondheid & Jeugd Zuid-Holland Zuid,GG4816,4816,22790082.7486687,21253.8914667476,2021-07-22T00:00:00Z,5638,90,102,44741,12601.4,201.2,228,354
0093,GM0093,Terschelling,93,Friesland,PV21,21,Fryslân,VR02,2,GGD Fryslân,GG7206,7206,89273711.7092056,88822.7662269324,2021-07-22T00:00:00Z,272,3,2,4889,5563.5,61.4,40.9,281
0342,GM0342,Soest,342,Utrecht,PV26,26,Utrecht,VR09,9,GGD regio Utrecht,GG2514,2514,46438500.6457939,30219.5936558335,2021-07-22T00:00:00Z,4428,77,47,46607,9500.7,165.2,100.8,269
1896,GM1896,Zwartewaterland,1896,Overijssel,PV23,23,IJsselland,VR04,4,GGD Ijsselland,GG1009,1009,86815206.8590546,54771.2394742688,2021-07-22T00:00:00Z,2539,52,30,22690,11190,229.2,132.2,353
0148,GM0148,Dalfsen,148,Overijssel,PV23,23,IJsselland,VR04,4,GGD Ijsselland,GG1009,1009,166502460.159874,70328.9848822349,2021-07-22T00:00:00Z,2464,26,20,28585,8619.9,91,70,66
0345,GM0345,Veenendaal,345,Utrecht,PV26,26,Utrecht,VR09,9,GGD regio Utrecht,GG2514,2514,19690651.6470718,19890.8757048337,2021-07-22T00:00:00Z,8335,135,75,66491,12535.5,203,112.8,301
1586,GM1586,Oost Gelre,1586,Gelderland,PV25,25,Noord- en Oost-Gelderland,VR06,6,GGD Noord- en Oost-Gelderland,GG1413,1413,110444103.758018,56742.9793195851,2021-07-22T00:00:00Z,3184,35,41,29623,10748.4,118.2,138.4,224
0014,GM0014,Groningen,14,Groningen,PV20,20,Groningen,VR01,1,GGD Groningen,GG0111,111,197951839.64817,97086.598171381,2021-07-22T00:00:00Z,18977,95,45,232922,8147.4,40.8,19.3,114
0417,GM0417,Laren,417,Noord-Holland,PV27,27,Gooi en Vechtstreek,VR14,14,GGD Gooi en Vechtstreek,GG3606,3606,12410059.7746124,16510.4798831715,2021-07-22T00:00:00Z,1146,16,26,11274,10165,141.9,230.6,169
0222,GM0222,Doetinchem,222,Gelderland,PV25,25,Noord- en Oost-Gelderland,VR06,6,GGD Noord- en Oost-Gelderland,GG1413,1413,79683533.7091599,60433.7734026181,2021-07-22T00:00:00Z,5246,65,29,58009,9043.4,112.1,50,80
0437,GM0437,Ouder-Amstel,437,Noord-Holland,PV27,27,Amsterdam-Amstelland,VR13,13,GGD Amsterdam,GG3406,3406,25830643.6008987,32174.5964884563,2021-07-22T00:00:00Z,1476,16,5,14029,10521.1,114,35.6,232
1970,GM1970,Noardeast-Fryslân,1970,Friesland,PV21,21,Fryslân,VR02,2,GGD Fryslân,GG7206,7206,396993475.458534,142960.354601883,2021-07-22T00:00:00Z,3397,48,38,45251,7507,106.1,84,209
0753,GM0753,Best,753,Noord-Brabant,PV30,30,Brabant-Zuidoost,VR22,22,GGD Brabant-Zuidoost,GG5608,5608,35076875.9097519,28014.526734097,2021-07-22T00:00:00Z,3277,56,30,29985,10928.8,186.8,100.1,39
1730,GM1730,Tynaarlo,1730,Drenthe,PV22,22,Drenthe,VR03,3,GGD Drente,GG0706,706,147719556.230568,90930.1218085009,2021-07-22T00:00:00Z,1790,24,24,33879,5283.5,70.8,70.8,289
1641,GM1641,Maasgouw,1641,Limburg,PV31,31,Limburg-Noord,VR23,23,GGD Limburg-Noord,GG6011,6011,58140916.5135002,48194.5594520236,2021-07-22T00:00:00Z,2646,43,36,23960,11043.4,179.5,150.3,185
0197,GM0197,Aalten,197,Gelderland,PV25,25,Noord- en Oost-Gelderland,VR06,6,GGD Noord- en Oost-Gelderland,GG1413,1413,97029805.3573914,51271.5375751559,2021-07-22T00:00:00Z,2609,32,22,27117,9621.3,118,81.1,5
0441,GM0441,Schagen,441,Noord-Holland,PV27,27,Noord-Holland-Noord,VR10,10,GGD Hollands-Noorden,GG2707,2707,171943626.68433,65526.6028088068,2021-07-22T00:00:00Z,4879,56,58,46482,10496.5,120.5,124.8,257
1731,GM1731,Midden-Drenthe,1731,Drenthe,PV22,22,Drenthe,VR03,3,GGD Drente,GG0706,706,345840045.830597,111475.326016188,2021-07-22T00:00:00Z,2172,35,30,33182,6545.7,105.5,90.4,194
1711,GM1711,Echt-Susteren,1711,Limburg,PV31,31,Limburg-Noord,VR23,23,GGD Limburg-Noord,GG6011,6011,104663101.54911,64772.546372483,2021-07-22T00:00:00Z,3241,65,36,31618,10250.5,205.6,113.9,88
0119,GM0119,Meppel,119,Drenthe,PV22,22,Drenthe,VR03,3,GGD Drente,GG0706,706,57041414.043541,52008.3068091224,2021-07-22T00:00:00Z,2470,34,27,33902,7285.7,100.3,79.6,191
0362,GM0362,Amstelveen,362,Noord-Holland,PV27,27,Amsterdam-Amstelland,VR13,13,GGD Amsterdam,GG3406,3406,44064698.822216,31669.8206546904,2021-07-22T00:00:00Z,8634,136,92,91691,9416.4,148.3,100.3,17
0512,GM0512,Gorinchem,512,Zuid-Holland,PV28,28,Zuid-Holland-Zuid,VR18,18,Dienst Gezondheid & Jeugd Zuid-Holland Zuid,GG4816,4816,21948275.2225838,23915.4120943715,2021-07-22T00:00:00Z,4507,48,42,37009,12178.1,129.7,113.5,111
0312,GM0312,Bunnik,312,Utrecht,PV26,26,Utrecht,VR09,9,GGD regio Utrecht,GG2514,2514,37524157.4967041,34130.1409502819,2021-07-22T00:00:00Z,1277,22,12,15191,8406.3,144.8,79,57
0118,GM0118,Hoogeveen,118,Drenthe,PV22,22,Drenthe,VR03,3,GGD Drente,GG0706,706,129272744.523582,64660.0322424339,2021-07-22T00:00:00Z,4906,77,41,55697,8808.4,138.2,73.6,148
1959,GM1959,Altena,1959,Noord-Brabant,PV30,30,Midden- en West-Brabant,VR20,20,GGD West-Brabant,GG5206,5206,226664353.93116,87443.2766789959,2021-07-22T00:00:00Z,7199,87,68,55980,12859.9,155.4,121.5,14
0965,GM0965,Simpelveld,965,Limburg,PV31,31,Zuid-Limburg,VR24,24,GGD Zuid-Limburg,GG6106,6106,16044392.3415871,19514.560634716,2021-07-22T00:00:00Z,943,27,9,10552,8936.7,255.9,85.3,262
0375,GM0375,Beverwijk,375,Noord-Holland,PV27,27,Kennemerland,VR12,12,GGD Kennemerland,GG3109,3109,18882322.3896828,25629.9009404413,2021-07-22T00:00:00Z,4554,45,42,41613,10943.7,108.1,100.9,41
0216,GM0216,Culemborg,216,Gelderland,PV25,25,Gelderland-Zuid,VR08,8,GGD Gelderland-Zuid,GG2014,2014,31178099.7203636,29219.1509150401,2021-07-22T00:00:00Z,2961,47,22,28956,10225.9,162.3,76,65
0815,GM0815,Mill en Sint Hubert,815,Noord-Brabant,PV30,30,Brabant-Noord,VR21,21,GGD Hart voor Brabant,GG5406,5406,53140981.2618637,35237.9056306991,2021-07-22T00:00:00Z,1282,17,10,10941,11717.4,155.4,91.4,196
0809,GM0809,Loon op Zand,809,Noord-Brabant,PV30,30,Midden- en West-Brabant,VR20,20,GGD Hart voor Brabant,GG5406,5406,50668813.2823677,33544.2000345061,2021-07-22T00:00:00Z,2849,52,37,23407,12171.6,222.2,158.1,180
0277,GM0277,Rozendaal,277,Gelderland,PV25,25,Gelderland-Midden,VR07,7,Veiligheids- en Gezondheidsregio Gelderland-Midden,GG1911,1911,27945348.8882904,25120.5991224231,2021-07-22T00:00:00Z,120,1,0,1705,7038.1,58.7,0,255
0098,GM0098,Weststellingwerf,98,Friesland,PV21,21,Fryslân,VR02,2,GGD Fryslân,GG7206,7206,228373253.201599,84585.3929436924,2021-07-22T00:00:00Z,1920,20,29,25916,7408.6,77.2,111.9,331
0971,GM0971,Stein,971,Limburg,PV31,31,Zuid-Limburg,VR24,24,GGD Zuid-Limburg,GG6106,6106,22823651.7142334,30220.7031864365,2021-07-22T00:00:00Z,2486,78,24,25000,9944,312,96,277
0668,GM0668,West Maas en Waal,668,Gelderland,PV25,25,Gelderland-Zuid,VR08,8,GGD Gelderland-Zuid,GG2014,2014,85154171.8255119,47557.9128941368,2021-07-22T00:00:00Z,2141,25,19,19320,11081.8,129.4,98.3,325
1771,GM1771,Geldrop-Mierlo,1771,Noord-Brabant,PV30,30,Brabant-Zuidoost,VR22,22,GGD Brabant-Zuidoost,GG5608,5608,31409182.1568604,28551.0235979026,2021-07-22T00:00:00Z,4651,77,28,39733,11705.6,193.8,70.5,103
0632,GM0632,Woerden,632,Utrecht,PV26,26,Utrecht,VR09,9,GGD regio Utrecht,GG2514,2514,92952335.9593582,50942.1880871584,2021-07-22T00:00:00Z,5665,143,39,52294,10833,273.5,74.6,339
0088,GM0088,Schiermonnikoog,88,Friesland,PV21,21,Fryslân,VR02,2,GGD Fryslân,GG7206,7206,44646473.162796,50548.5485603487,2021-07-22T00:00:00Z,48,1,2,947,5068.6,105.6,211.2,260
0880,GM0880,Wormerland,880,Noord-Holland,PV27,27,Zaanstreek-Waterland,VR11,11,GGD Zaanstreek/Waterland,GG7306,7306,45160090.4848862,30557.8764136949,2021-07-22T00:00:00Z,1707,35,33,16299,10473,214.7,202.5,340
0335,GM0335,Montfoort,335,Utrecht,PV26,26,Utrecht,VR09,9,GGD regio Utrecht,GG2514,2514,38245963.4221764,36380.5807402269,2021-07-22T00:00:00Z,1529,29,8,13920,10984.2,208.3,57.5,200
0209,GM0209,Beuningen,209,Gelderland,PV25,25,Gelderland-Zuid,VR08,8,GGD Gelderland-Zuid,GG2014,2014,47034770.5729065,31059.232995613,2021-07-22T00:00:00Z,2626,41,22,25891,10142.5,158.4,85,40
0532,GM0532,Stede Broec,532,Noord-Holland,PV27,27,Noord-Holland-Noord,VR10,10,GGD Hollands-Noorden,GG2707,2707,15608942.0216293,16652.3599587963,2021-07-22T00:00:00Z,2735,30,15,21734,12584,138,69,274
0762,GM0762,Deurne,762,Noord-Brabant,PV30,30,Brabant-Zuidoost,VR22,22,GGD Brabant-Zuidoost,GG5608,5608,118352203.482491,54608.5915205223,2021-07-22T00:00:00Z,3974,91,42,32474,12237.5,280.2,129.3,75
1734,GM1734,Overbetuwe,1734,Gelderland,PV25,25,Gelderland-Midden,VR07,7,Veiligheids- en Gezondheidsregio Gelderland-Midden,GG1911,1911,115061619.712151,60252.3361537276,2021-07-22T00:00:00Z,4131,74,30,47909,8622.6,154.5,62.6,234
0147,GM0147,Borne,147,Overijssel,PV23,23,Twente,VR05,5,GGD Twente,GG1106,1106,26173185.750351,25173.7565954823,2021-07-22T00:00:00Z,2682,30,38,23313,11504.3,128.7,163,48
0096,GM0096,Vlieland,96,Friesland,PV21,21,Fryslân,VR02,2,GGD Fryslân,GG7206,7206,43494046.7125549,54417.3146069891,2021-07-22T00:00:00Z,72,0,0,1152,6250,0,0,309
0556,GM0556,Maassluis,556,Zuid-Holland,PV28,28,Rotterdam-Rijnmond,VR17,17,GGD Rotterdam-Rijnmond,GG4607,4607,10128634.84198,15282.0240937127,2021-07-22T00:00:00Z,3721,69,34,33216,11202.4,207.7,102.4,186
0307,GM0307,Amersfoort,307,Utrecht,PV26,26,Utrecht,VR09,9,GGD regio Utrecht,GG2514,2514,63834637.6518745,53006.2816778329,2021-07-22T00:00:00Z,15781,261,139,157279,10033.8,165.9,88.4,16
1930,GM1930,Nissewaard,1930,Zuid-Holland,PV28,28,Rotterdam-Rijnmond,VR17,17,GGD Rotterdam-Rijnmond,GG4607,4607,81225789.2945366,49524.0418727575,2021-07-22T00:00:00Z,9448,185,99,85237,11084.4,217,116.1,208
1701,GM1701,Westerveld,1701,Drenthe,PV22,22,Drenthe,VR03,3,GGD Drente,GG0706,706,282761512.169823,97429.1169067391,2021-07-22T00:00:00Z,1030,17,22,19460,5292.9,87.4,113.1,327
0160,GM0160,Hardenberg,160,Overijssel,PV23,23,IJsselland,VR04,4,GGD Ijsselland,GG1009,1009,317133882.895287,120850.62068459,2021-07-22T00:00:00Z,6056,60,37,60940,9937.6,98.5,60.7,121
0274,GM0274,Renkum,274,Gelderland,PV25,25,Gelderland-Midden,VR07,7,Veiligheids- en Gezondheidsregio Gelderland-Midden,GG1911,1911,47219987.7603531,34931.4189614599,2021-07-22T00:00:00Z,2250,37,26,31404,7164.7,117.8,82.8,243
0755,GM0755,Boekel,755,Noord-Brabant,PV30,30,Brabant-Noord,VR21,21,GGD Hart voor Brabant,GG5406,5406,34527220.0046921,25272.8877584404,2021-07-22T00:00:00Z,1114,42,23,10784,10330.1,389.5,213.3,46
0189,GM0189,Wierden,189,Overijssel,PV23,23,Twente,VR05,5,GGD Twente,GG1106,1106,95386986.1706924,54076.6289688284,2021-07-22T00:00:00Z,3316,21,27,24440,13567.9,85.9,110.5,333
1891,GM1891,Dantumadiel,1891,Friesland,PV21,21,Fryslân,VR02,2,GGD Fryslân,GG7206,7206,87513747.8087082,46186.901059035,2021-07-22T00:00:00Z,1518,18,17,18916,8025,95.2,89.9,67
0542,GM0542,Krimpen aan den IJssel,542,Zuid-Holland,PV28,28,Rotterdam-Rijnmond,VR17,17,GGD Rotterdam-Rijnmond,GG4607,4607,8940012.13277054,16308.9118465726,2021-07-22T00:00:00Z,3963,49,71,29533,13418.9,165.9,240.4,161
0114,GM0114,Emmen,114,Drenthe,PV22,22,Drenthe,VR03,3,GGD Drente,GG0706,706,346239095.184975,80973.7958570209,2021-07-22T00:00:00Z,9410,166,79,107055,8789.9,155.1,73.8,96
0946,GM0946,Nederweert,946,Limburg,PV31,31,Limburg-Noord,VR23,23,GGD Limburg-Noord,GG6011,6011,101785800.937824,49549.9253671564,2021-07-22T00:00:00Z,2387,47,20,17022,14023,276.1,117.5,203
0384,GM0384,Diemen,384,Noord-Holland,PV27,27,Amsterdam-Amstelland,VR13,13,GGD Amsterdam,GG3406,3406,12985603.5990524,21217.9186128515,2021-07-22T00:00:00Z,3615,53,36,30781,11744.3,172.2,117,77
0858,GM0858,Valkenswaard,858,Noord-Brabant,PV30,30,Brabant-Zuidoost,VR22,22,GGD Brabant-Zuidoost,GG5608,5608,56483786.3020592,44617.0597967934,2021-07-22T00:00:00Z,3598,59,63,31200,11532.1,189.1,201.9,299
0569,GM0569,Nieuwkoop,569,Zuid-Holland,PV28,28,Hollands Midden,VR16,16,GGD Hollands-Midden,GG4506,4506,91154359.603344,54956.4776832292,2021-07-22T00:00:00Z,3537,46,22,28809,12277.4,159.7,76.4,205
0603,GM0603,Rijswijk,603,Zuid-Holland,PV28,28,Haaglanden,VR15,15,GGD Haaglanden,GG7014,7014,14487177.2888184,16991.4026271738,2021-07-22T00:00:00Z,5347,134,76,54432,9823.3,246.2,139.6,250
1706,GM1706,Cranendonck,1706,Noord-Brabant,PV30,30,Brabant-Zuidoost,VR22,22,GGD Brabant-Zuidoost,GG5608,5608,78076206.868763,44632.2720595509,2021-07-22T00:00:00Z,2724,79,52,21166,12869.7,373.2,245.7,63
1598,GM1598,Koggenland,1598,Noord-Holland,PV27,27,Noord-Holland-Noord,VR10,10,GGD Hollands-Noorden,GG2707,2707,83355996.0586777,47326.2740204524,2021-07-22T00:00:00Z,2842,24,24,22752,12491.2,105.5,105.5,160
0373,GM0373,Bergen (NH.),373,Noord-Holland,PV27,27,Noord-Holland-Noord,VR10,10,GGD Hollands-Noorden,GG2707,2707,99965694.457161,53001.4782035034,2021-07-22T00:00:00Z,2738,39,38,29844,9174.4,130.7,127.3,35
1676,GM1676,Schouwen-Duiveland,1676,Zeeland,PV29,29,Zeeland,VR19,19,GGD Zeeland,GG5006,5006,238450338.036651,145022.737969849,2021-07-22T00:00:00Z,2307,55,25,33858,6813.8,162.4,73.8,261
0439,GM0439,Purmerend,439,Noord-Holland,PV27,27,Zaanstreek-Waterland,VR11,11,GGD Zaanstreek/Waterland,GG7306,7306,24553659.236824,23494.5999069257,2021-07-22T00:00:00Z,8967,193,84,81233,11038.6,237.6,103.4,239
1655,GM1655,Halderberge,1655,Noord-Brabant,PV30,30,Midden- en West-Brabant,VR20,20,GGD West-Brabant,GG5206,5206,75201605.7670174,43593.5911200686,2021-07-22T00:00:00Z,3299,57,27,30277,10896.1,188.3,89.2,120
0518,GM0518,'s-Gravenhage,518,Zuid-Holland,PV28,28,Haaglanden,VR15,15,GGD Haaglanden,GG7014,7014,85731024.9444771,79827.5689376546,2021-07-22T00:00:00Z,58914,1701,556,545163,10806.7,312,102,1
0622,GM0622,Vlaardingen,622,Zuid-Holland,PV28,28,Rotterdam-Rijnmond,VR17,17,GGD Rotterdam-Rijnmond,GG4607,4607,26656698.7500591,21668.3964120139,2021-07-22T00:00:00Z,9263,175,91,73445,12612.2,238.3,123.9,308
0981,GM0981,Vaals,981,Limburg,PV31,31,Zuid-Limburg,VR24,24,GGD Zuid-Limburg,GG6106,6106,23896755.6714172,25833.0481104048,2021-07-22T00:00:00Z,735,24,14,10099,7277.9,237.6,138.6,297
0772,GM0772,Eindhoven,772,Noord-Brabant,PV30,30,Brabant-Zuidoost,VR22,22,GGD Brabant-Zuidoost,GG5608,5608,88946725.7625313,49066.743714913,2021-07-22T00:00:00Z,25166,453,356,234456,10733.8,193.2,151.8,94
0225,GM0225,Druten,225,Gelderland,PV25,25,Gelderland-Zuid,VR08,8,GGD Gelderland-Zuid,GG2014,2014,42458881.5984726,37594.9851509286,2021-07-22T00:00:00Z,2050,40,27,18918,10836.2,211.4,142.7,86
1783,GM1783,Westland,1783,Zuid-Holland,PV28,28,Haaglanden,VR15,15,GGD Haaglanden,GG7014,7014,83205347.9197826,54249.414693119,2021-07-22T00:00:00Z,14797,189,86,110357,13408.3,171.3,77.9,330
1658,GM1658,Heeze-Leende,1658,Noord-Brabant,PV30,30,Brabant-Zuidoost,VR22,22,GGD Brabant-Zuidoost,GG5608,5608,105038995.418259,50532.366976795,2021-07-22T00:00:00Z,1644,23,13,16150,10179.6,142.4,80.5,132
1774,GM1774,Dinkelland,1774,Overijssel,PV23,23,Twente,VR05,5,GGD Twente,GG1106,1106,176745690.902061,87956.9989811653,2021-07-22T00:00:00Z,3509,37,35,26470,13256.5,139.8,132.2,78
0687,GM0687,Middelburg,687,Zeeland,PV29,29,Zeeland,VR19,19,GGD Zeeland,GG5006,5006,53051318.768033,40734.1166848912,2021-07-22T00:00:00Z,3794,78,25,48810,7773,159.8,51.2,192
0340,GM0340,Rhenen,340,Utrecht,PV26,26,Utrecht,VR09,9,GGD regio Utrecht,GG2514,2514,43801352.9161453,34063.9079870069,2021-07-22T00:00:00Z,2539,42,21,20125,12616.1,208.7,104.3,247
0888,GM0888,Beek,888,Limburg,PV31,31,Zuid-Limburg,VR24,24,GGD Zuid-Limburg,GG6106,6106,21029988.7092781,24133.9566315469,2021-07-22T00:00:00Z,1601,32,12,15868,10089.5,201.7,75.6,28
0899,GM0899,Brunssum,899,Limburg,PV31,31,Zuid-Limburg,VR24,24,GGD Zuid-Limburg,GG6106,6106,17338704.9252548,18875.1169302942,2021-07-22T00:00:00Z,2896,89,52,27817,10410.9,319.9,186.9,56
0627,GM0627,Waddinxveen,627,Zuid-Holland,PV28,28,Hollands Midden,VR16,16,GGD Hollands-Midden,GG4506,4506,29401789.8420753,29859.8713212965,2021-07-22T00:00:00Z,3186,72,16,29293,10876.3,245.8,54.6,318
0770,GM0770,Eersel,770,Noord-Brabant,PV30,30,Brabant-Zuidoost,VR22,22,GGD Brabant-Zuidoost,GG5608,5608,83325919.3193779,62455.3447514275,2021-07-22T00:00:00Z,2547,49,26,19314,13187.3,253.7,134.6,92
0158,GM0158,Haaksbergen,158,Overijssel,PV23,23,Twente,VR05,5,GGD Twente,GG1106,1106,105495498.718269,49388.0303424175,2021-07-22T00:00:00Z,2831,34,32,24309,11645.9,139.9,131.6,116
0252,GM0252,Heumen,252,Gelderland,PV25,25,Gelderland-Zuid,VR08,8,GGD Gelderland-Zuid,GG2014,2014,41511598.3887634,31639.9804043624,2021-07-22T00:00:00Z,1537,27,19,16450,9343.5,164.1,115.5,140
0228,GM0228,Ede,228,Gelderland,PV25,25,Gelderland-Midden,VR07,7,Veiligheids- en Gezondheidsregio Gelderland-Midden,GG1911,1911,318605031.484032,86933.8398008727,2021-07-22T00:00:00Z,12678,144,86,117166,10820.5,122.9,73.4,90
0654,GM0654,Borsele,654,Zeeland,PV29,29,Zeeland,VR19,19,GGD Zeeland,GG5006,5006,143288875.635956,65061.5753525536,2021-07-22T00:00:00Z,1667,42,6,22738,7331.3,184.7,26.4,49
0820,GM0820,"Nuenen, Gerwen en Nederwetten",820,Noord-Brabant,PV30,30,Brabant-Zuidoost,VR22,22,GGD Brabant-Zuidoost,GG5608,5608,33905218.8997459,34506.5782435276,2021-07-22T00:00:00Z,2312,34,22,23379,9889.2,145.4,94.1,214
0296,GM0296,Wijchen,296,Gelderland,PV25,25,Gelderland-Zuid,VR08,8,GGD Gelderland-Zuid,GG2014,2014,69683728.060318,44267.5668113041,2021-07-22T00:00:00Z,4400,82,60,41124,10699.3,199.4,145.9,334
1916,GM1916,Leidschendam-Voorburg,1916,Zuid-Holland,PV28,28,Haaglanden,VR15,15,GGD Haaglanden,GG7014,7014,35662872.5445518,36344.3763125663,2021-07-22T00:00:00Z,7219,160,84,76553,9430.1,209,109.7,173
1966,GM1966,Het Hogeland,1966,Groningen,PV20,20,Groningen,VR01,1,GGD Groningen,GG0111,111,496395482.865387,202581.824495752,2021-07-22T00:00:00Z,3906,33,20,47834,8165.7,69,41.8,139
0928,GM0928,Kerkrade,928,Limburg,PV31,31,Zuid-Limburg,VR24,24,GGD Zuid-Limburg,GG6106,6106,22146003.6338959,26324.6778524184,2021-07-22T00:00:00Z,4168,142,96,45744,9111.6,310.4,209.9,159
0847,GM0847,Someren,847,Noord-Brabant,PV30,30,Brabant-Zuidoost,VR22,22,GGD Brabant-Zuidoost,GG5608,5608,81502846.4261742,41366.9294075913,2021-07-22T00:00:00Z,2352,48,13,19376,12138.7,247.7,67.1,270
0109,GM0109,Coevorden,109,Drenthe,PV22,22,Drenthe,VR03,3,GGD Drente,GG0706,706,299637365.241676,88286.3428932405,2021-07-22T00:00:00Z,3029,57,31,35296,8581.7,161.5,87.8,62
0164,GM0164,Hengelo,164,Overijssel,PV23,23,Twente,VR05,5,GGD Twente,GG1106,1106,61811933.0008545,47025.1395833646,2021-07-22T00:00:00Z,7879,78,68,81147,9709.5,96.1,83.8,138
0080,GM0080,Leeuwarden,80,Friesland,PV21,21,Fryslân,VR02,2,GGD Fryslân,GG7206,7206,255588130.055664,124899.984484755,2021-07-22T00:00:00Z,8141,104,74,124055,6562.3,83.8,59.6,170
0392,GM0392,Haarlem,392,Noord-Holland,PV27,27,Kennemerland,VR12,12,GGD Kennemerland,GG3109,3109,32079410.2279511,30151.9747051223,2021-07-22T00:00:00Z,14996,221,150,162961,9202.2,135.6,92,118
0396,GM0396,Heemskerk,396,Noord-Holland,PV27,27,Kennemerland,VR12,12,GGD Kennemerland,GG3109,3109,27818826.3785477,28780.5633569947,2021-07-22T00:00:00Z,4302,63,32,39188,10977.9,160.8,81.7,126
0718,GM0718,Vlissingen,718,Zeeland,PV29,29,Zeeland,VR19,19,GGD Zeeland,GG5006,5006,35223496.1575565,62781.5331877128,2021-07-22T00:00:00Z,3502,130,32,44365,7893.6,293,72.1,310
0498,GM0498,Drechterland,498,Noord-Holland,PV27,27,Noord-Holland-Noord,VR10,10,GGD Hollands-Noorden,GG2707,2707,60022047.1051178,37220.5000852682,2021-07-22T00:00:00Z,2322,25,13,19717,11776.6,126.8,65.9,83
1509,GM1509,Oude IJsselstreek,1509,Gelderland,PV25,25,Noord- en Oost-Gelderland,VR06,6,GGD Noord- en Oost-Gelderland,GG1413,1413,137950185.312645,77212.0592677261,2021-07-22T00:00:00Z,4342,49,45,39392,11022.5,124.4,114.2,231
1942,GM1942,Gooise Meren,1942,Noord-Holland,PV27,27,Gooi en Vechtstreek,VR14,14,GGD Gooi en Vechtstreek,GG3606,3606,45594492.5130234,57273.5986303199,2021-07-22T00:00:00Z,5834,61,35,58041,10051.5,105.1,60.3,110
0450,GM0450,Uitgeest,450,Noord-Holland,PV27,27,Kennemerland,VR12,12,GGD Kennemerland,GG3109,3109,22292840.1370277,23970.3902745759,2021-07-22T00:00:00Z,1433,12,7,13649,10498.9,87.9,51.3,292
0779,GM0779,Geertruidenberg,779,Noord-Brabant,PV30,30,Midden- en West-Brabant,VR20,20,GGD West-Brabant,GG5206,5206,29689745.6180801,23899.4948418003,2021-07-22T00:00:00Z,2525,31,25,21538,11723.5,143.9,116.1,102
0370,GM0370,Beemster,370,Noord-Holland,PV27,27,Zaanstreek-Waterland,VR11,11,GGD Zaanstreek/Waterland,GG7306,7306,72011010.8347778,38402.860918196,2021-07-22T00:00:00Z,998,9,3,10025,9955.1,89.8,29.9,30
0736,GM0736,De Ronde Venen,736,Utrecht,PV26,26,Utrecht,VR09,9,GGD regio Utrecht,GG2514,2514,116957683.904652,56233.018800803,2021-07-22T00:00:00Z,4536,118,35,44457,10203.1,265.4,78.7,70
0173,GM0173,Oldenzaal,173,Overijssel,PV23,23,Twente,VR05,5,GGD Twente,GG1106,1106,21962608.6414337,22789.537736081402,2021-07-22T00:00:00Z,3667,55,45,31832,11519.9,172.8,141.4,221
0797,GM0797,Heusden,797,Noord-Brabant,PV30,30,Brabant-Noord,VR21,21,GGD Hart voor Brabant,GG5406,5406,81205392.7383347,45420.9499986882,2021-07-22T00:00:00Z,5613,91,50,44699,12557.3,203.6,111.9,141
0406,GM0406,Huizen,406,Noord-Holland,PV27,27,Gooi en Vechtstreek,VR14,14,GGD Gooi en Vechtstreek,GG3606,3606,15913001.3504028,23209.4530846709,2021-07-22T00:00:00Z,4389,63,53,41273,10634.1,152.6,128.4,152
0451,GM0451,Uithoorn,451,Noord-Holland,PV27,27,Amsterdam-Amstelland,VR13,13,GGD Amsterdam,GG3406,3406,19391904.0291672,23913.5532848268,2021-07-22T00:00:00Z,2890,34,15,29466,9807.9,115.4,50.9,293
0385,GM0385,Edam-Volendam,385,Noord-Holland,PV27,27,Zaanstreek-Waterland,VR11,11,GGD Zaanstreek/Waterland,GG7306,7306,57783668.8040848,49474.344751067,2021-07-22T00:00:00Z,5397,96,23,36201,14908.4,265.2,63.5,89
0268,GM0268,Nijmegen,268,Gelderland,PV25,25,Gelderland-Zuid,VR08,8,GGD Gelderland-Zuid,GG2014,2014,57579589.6475372,42654.5823985764,2021-07-22T00:00:00Z,17883,276,190,177698,10063.7,155.3,106.9,207
0243,GM0243,Harderwijk,243,Gelderland,PV25,25,Noord- en Oost-Gelderland,VR06,6,GGD Noord- en Oost-Gelderland,GG1413,1413,39121737.1542282,33926.8380038714,2021-07-22T00:00:00Z,4616,87,48,48429,9531.5,179.6,99.1,122
0294,GM0294,Winterswijk,294,Gelderland,PV25,25,Noord- en Oost-Gelderland,VR06,6,GGD Noord- en Oost-Gelderland,GG1413,1413,138854751.787727,52564.0051870518,2021-07-22T00:00:00Z,2241,18,17,28865,7763.7,62.4,58.9,337
1581,GM1581,Utrechtse Heuvelrug,1581,Utrecht,PV26,26,Utrecht,VR09,9,GGD regio Utrecht,GG2514,2514,133938101.839146,70636.5256006374,2021-07-22T00:00:00Z,4400,92,73,49601,8870.8,185.5,147.2,296
0882,GM0882,Landgraaf,882,Limburg,PV31,31,Zuid-Limburg,VR24,24,GGD Zuid-Limburg,GG6106,6106,24678953.9715996,26206.9824983056,2021-07-22T00:00:00Z,3695,99,70,37457,9864.6,264.3,186.9,165
0085,GM0085,Ooststellingwerf,85,Friesland,PV21,21,Fryslân,VR02,2,GGD Fryslân,GG7206,7206,226129016.498222,71636.9405017688,2021-07-22T00:00:00Z,1591,17,6,25472,6246.1,66.7,23.6,226
0502,GM0502,Capelle aan den IJssel,502,Zuid-Holland,PV28,28,Rotterdam-Rijnmond,VR17,17,GGD Rotterdam-Rijnmond,GG4607,4607,15419020.502533,24698.2781029149,2021-07-22T00:00:00Z,8589,185,145,67151,12790.6,275.5,215.9,60
1621,GM1621,Lansingerland,1621,Zuid-Holland,PV28,28,Rotterdam-Rijnmond,VR17,17,GGD Rotterdam-Rijnmond,GG4607,4607,56427891.9391594,39575.459589094,2021-07-22T00:00:00Z,7160,96,63,62396,11475.1,153.9,101,168
0361,GM0361,Alkmaar,361,Noord-Holland,PV27,27,Noord-Holland-Noord,VR10,10,GGD Hollands-Noorden,GG2707,2707,117315562.613468,68153.6650750395,2021-07-22T00:00:00Z,10665,143,85,109444,9744.7,130.7,77.7,9
1911,GM1911,Hollands Kroon,1911,Noord-Holland,PV27,27,Noord-Holland-Noord,VR10,10,GGD Hollands-Noorden,GG2707,2707,375124682.503094,119691.268702781,2021-07-22T00:00:00Z,4656,49,34,48434,9613.1,101.2,70.2,147
0765,GM0765,Pekela,765,Groningen,PV20,20,Groningen,VR01,1,GGD Groningen,GG0111,111,50182932.2480774,35438.9983402018,2021-07-22T00:00:00Z,1062,25,13,12199,8705.6,204.9,106.6,237
1945,GM1945,Berg en Dal,1945,Gelderland,PV25,25,Gelderland-Zuid,VR08,8,GGD Gelderland-Zuid,GG2014,2014,93276748.4337997,64658.2617433104,2021-07-22T00:00:00Z,3475,56,51,34990,9931.4,160,145.8,32
0355,GM0355,Zeist,355,Utrecht,PV26,26,Utrecht,VR09,9,GGD regio Utrecht,GG2514,2514,48655464.9905739,44383.7077583573,2021-07-22T00:00:00Z,5646,90,73,64932,8695.3,138.6,112.4,346
0777,GM0777,Etten-Leur,777,Noord-Brabant,PV30,30,Midden- en West-Brabant,VR20,20,GGD West-Brabant,GG5206,5206,55909926.4140434,38138.9029934679,2021-07-22T00:00:00Z,4133,69,38,43880,9418.9,157.2,86.6,101
1690,GM1690,De Wolden,1690,Drenthe,PV22,22,Drenthe,VR03,3,GGD Drente,GG0706,706,226324873.509071,108220.316084292,2021-07-22T00:00:00Z,2122,33,24,24327,8722.8,135.7,98.7,71
0865,GM0865,Vught,865,Noord-Brabant,PV30,30,Brabant-Noord,VR21,21,GGD Hart voor Brabant,GG5406,5406,34679988.542057,30762.1034648323,2021-07-22T00:00:00Z,3518,76,53,36324,11195.3,241.9,168.7,314
0489,GM0489,Barendrecht,489,Zuid-Holland,PV28,28,Rotterdam-Rijnmond,VR17,17,GGD Rotterdam-Rijnmond,GG4607,4607,21759117.8918762,19752.8289527909,2021-07-22T00:00:00Z,6017,105,48,48713,12351.9,215.5,98.5,26
0331,GM0331,Lopik,331,Utrecht,PV26,26,Utrecht,VR09,9,GGD regio Utrecht,GG2514,2514,78987369.5054283,42086.2590624115,2021-07-22T00:00:00Z,1709,39,12,14471,11809.8,269.5,82.9,181
0200,GM0200,Apeldoorn,200,Gelderland,PV25,25,Noord- en Oost-Gelderland,VR06,6,GGD Noord- en Oost-Gelderland,GG1413,1413,341114405.413803,93784.366251379,2021-07-22T00:00:00Z,13949,206,147,163829,8514.4,125.7,89.7,19
0784,GM0784,Gilze en Rijen,784,Noord-Brabant,PV30,30,Midden- en West-Brabant,VR20,20,GGD Hart voor Brabant,GG5406,5406,65687023.9801865,43557.3861892285,2021-07-22T00:00:00Z,2839,41,19,26438,10738.3,155.1,71.9,106
0397,GM0397,Heemstede,397,Noord-Holland,PV27,27,Kennemerland,VR12,12,GGD Kennemerland,GG3109,3109,9658592.07429886,13680.1408632868,2021-07-22T00:00:00Z,2315,26,60,27239,8498.8,95.5,220.3,127
0275,GM0275,Rheden,275,Gelderland,PV25,25,Gelderland-Midden,VR07,7,Veiligheids- en Gezondheidsregio Gelderland-Midden,GG1911,1911,84254863.5003357,48919.0961847454,2021-07-22T00:00:00Z,3822,63,58,43736,8738.8,144,132.6,246
0090,GM0090,Smallingerland,90,Friesland,PV21,21,Fryslân,VR02,2,GGD Fryslân,GG7206,7206,126208657.193115,61274.3830962894,2021-07-22T00:00:00Z,3840,44,34,56154,6838.3,78.4,60.5,268
0183,GM0183,Tubbergen,183,Overijssel,PV23,23,Twente,VR05,5,GGD Twente,GG1106,1106,147475994.326241,64458.8576031587,2021-07-22T00:00:00Z,3377,26,19,21279,15870.1,122.2,89.3,287
0848,GM0848,Son en Breugel,848,Noord-Brabant,PV30,30,Brabant-Zuidoost,VR22,22,GGD Brabant-Zuidoost,GG5608,5608,26546315.5477142,27866.1266839962,2021-07-22T00:00:00Z,1638,42,28,17321,9456.7,242.5,161.7,271
0166,GM0166,Kampen,166,Overijssel,PV23,23,IJsselland,VR04,4,GGD Ijsselland,GG1009,1009,149133721.710052,83437.9882049854,2021-07-22T00:00:00Z,3974,80,44,54340,7313.2,147.2,81,156
1931,GM1931,Krimpenerwaard,1931,Zuid-Holland,PV28,28,Hollands Midden,VR16,16,GGD Hollands-Midden,GG4506,4506,161348524.252026,70643.192561704,2021-07-22T00:00:00Z,6723,153,64,56319,11937.4,271.7,113.6,162
0994,GM0994,Valkenburg aan de Geul,994,Limburg,PV31,31,Zuid-Limburg,VR24,24,GGD Zuid-Limburg,GG6106,6106,36921816.1742706,33965.9583019762,2021-07-22T00:00:00Z,1433,37,23,16360,8759.2,226.2,140.6,298
0638,GM0638,Zoeterwoude,638,Zuid-Holland,PV28,28,Hollands Midden,VR16,16,GGD Hollands-Midden,GG4506,4506,21902541.8466263,22423.9056347449,2021-07-22T00:00:00Z,918,10,1,8611,10660.8,116.1,11.6,349
0308,GM0308,Baarn,308,Utrecht,PV26,26,Utrecht,VR09,9,GGD regio Utrecht,GG2514,2514,33038334.2807198,31227.307313599,2021-07-22T00:00:00Z,2411,34,28,24873,9693.2,136.7,112.6,25
1894,GM1894,Peel en Maas,1894,Limburg,PV31,31,Limburg-Noord,VR23,23,GGD Limburg-Noord,GG6011,6011,161331253.053841,58295.5964919877,2021-07-22T00:00:00Z,5190,165,85,43420,11953,380,195.8,236
0415,GM0415,Landsmeer,415,Noord-Holland,PV27,27,Zaanstreek-Waterland,VR11,11,GGD Zaanstreek/Waterland,GG7306,7306,26490518.2097664,22293.3182289336,2021-07-22T00:00:00Z,1289,12,6,11492,11216.5,104.4,52.2,166
1700,GM1700,Twenterand,1700,Overijssel,PV23,23,Twente,VR05,5,GGD Twente,GG1106,1106,108116511.073845,71356.7079870439,2021-07-22T00:00:00Z,4749,41,30,33743,14074,121.5,88.9,288
1883,GM1883,Sittard-Geleen,1883,Limburg,PV31,31,Zuid-Limburg,VR24,24,GGD Zuid-Limburg,GG6106,6106,80556496.6867294,50150.6348160475,2021-07-22T00:00:00Z,8851,217,145,92422,9576.7,234.8,156.9,265
0531,GM0531,Hendrik-Ido-Ambacht,531,Zuid-Holland,PV28,28,Zuid-Holland-Zuid,VR18,18,Dienst Gezondheid & Jeugd Zuid-Holland Zuid,GG4816,4816,11856854.3783569,18545.6033657912,2021-07-22T00:00:00Z,3808,41,32,31204,12203.6,131.4,102.6,137
0826,GM0826,Oosterhout,826,Noord-Brabant,PV30,30,Midden- en West-Brabant,VR20,20,GGD West-Brabant,GG5206,5206,73048264.7236061,42714.2858131222,2021-07-22T00:00:00Z,5707,85,37,55990,10192.9,151.8,66.1,225
1719,GM1719,Drimmelen,1719,Noord-Brabant,PV30,30,Midden- en West-Brabant,VR20,20,GGD West-Brabant,GG5206,5206,119404382.409271,59294.5575310836,2021-07-22T00:00:00Z,2828,49,30,27274,10368.8,179.7,110,84
1954,GM1954,Beekdaelen,1954,Limburg,PV31,31,Zuid-Limburg,VR24,24,GGD Zuid-Limburg,GG6106,6106,78517840.3655357,61369.94180004,2021-07-22T00:00:00Z,3631,99,49,35976,10092.8,275.2,136.2,29
0983,GM0983,Venlo,983,Limburg,PV31,31,Limburg-Noord,VR23,23,GGD Limburg-Noord,GG6011,6011,128976983.213135,79215.9351229268,2021-07-22T00:00:00Z,14352,230,170,101797,14098.6,225.9,167,305
0484,GM0484,Alphen aan den Rijn,484,Zuid-Holland,PV28,28,Hollands Midden,VR16,16,GGD Hollands-Midden,GG4506,4506,132435313.217503,57713.4615900133,2021-07-22T00:00:00Z,12087,191,116,111889,10802.7,170.7,103.7,13
0244,GM0244,Hattem,244,Gelderland,PV25,25,Noord- en Oost-Gelderland,VR06,6,GGD Noord- en Oost-Gelderland,GG1413,1413,24171780.3090515,25129.9324869199,2021-07-22T00:00:00Z,965,21,7,12213,7901.4,171.9,57.3,125
0482,GM0482,Alblasserdam,482,Zuid-Holland,PV28,28,Zuid-Holland-Zuid,VR18,18,Dienst Gezondheid & Jeugd Zuid-Holland Zuid,GG4816,4816,10061190.4009972,16999.9552809411,2021-07-22T00:00:00Z,2812,45,22,20165,13945,223.2,109.1,7
0302,GM0302,Nunspeet,302,Gelderland,PV25,25,Noord- en Oost-Gelderland,VR06,6,GGD Noord- en Oost-Gelderland,GG1413,1413,128868854.055,54478.2101949692,2021-07-22T00:00:00Z,2531,80,32,27845,9089.6,287.3,114.9,215
0613,GM0613,Albrandswaard,613,Zuid-Holland,PV28,28,Rotterdam-Rijnmond,VR17,17,GGD Rotterdam-Rijnmond,GG4607,4607,23730010.7725525,21599.2016368651,2021-07-22T00:00:00Z,3321,50,23,25589,12978.2,195.4,89.9,8
0232,GM0232,Epe,232,Gelderland,PV25,25,Noord- en Oost-Gelderland,VR06,6,GGD Noord- en Oost-Gelderland,GG1413,1413,157388817.14225,62692.0698564377,2021-07-22T00:00:00Z,2896,78,52,33186,8726.6,235,156.7,99
0106,GM0106,Assen,106,Drenthe,PV22,22,Drenthe,VR03,3,GGD Drente,GG0706,706,83426281.8658752,54237.0282723921,2021-07-22T00:00:00Z,4172,68,15,68606,6081.1,99.1,21.9,22
1699,GM1699,Noordenveld,1699,Drenthe,PV22,22,Drenthe,VR03,3,GGD Drente,GG0706,706,205289227.717247,74104.2431409041,2021-07-22T00:00:00Z,1907,31,25,31242,6104,99.2,80,211
1705,GM1705,Lingewaard,1705,Gelderland,PV25,25,Gelderland-Midden,VR07,7,Veiligheids- en Gezondheidsregio Gelderland-Midden,GG1911,1911,69162415.6306,45182.0479251475,2021-07-22T00:00:00Z,4135,63,35,46606,8872.2,135.2,75.1,177
0177,GM0177,Raalte,177,Overijssel,PV23,23,IJsselland,VR04,4,GGD Ijsselland,GG1009,1009,172358742.854027,75783.9087584082,2021-07-22T00:00:00Z,3737,42,41,37709,9910.1,111.4,108.7,241
0184,GM0184,Urk,184,Flevoland,PV24,24,Flevoland,VR25,25,GGD Flevoland,GG2209,2209,13465211.9430161,19263.9858786372,2021-07-22T00:00:00Z,2638,54,19,21033,12542.2,256.7,90.3,294
0299,GM0299,Zevenaar,299,Gelderland,PV25,25,Gelderland-Midden,VR07,7,Veiligheids- en Gezondheidsregio Gelderland-Midden,GG1911,1911,106110892.403893,85485.3869346149,2021-07-22T00:00:00Z,3598,82,48,43740,8225.9,187.5,109.7,347
0233,GM0233,Ermelo,233,Gelderland,PV25,25,Noord- en Oost-Gelderland,VR06,6,GGD Noord- en Oost-Gelderland,GG1413,1413,85726323.0990753,47212.1005631684,2021-07-22T00:00:00Z,2575,49,34,27005,9535.3,181.4,125.9,100
0202,GM0202,Arnhem,202,Gelderland,PV25,25,Gelderland-Midden,VR07,7,Veiligheids- en Gezondheidsregio Gelderland-Midden,GG1911,1911,101581032.777885,59768.4143914138,2021-07-22T00:00:00Z,14336,206,126,161368,8884,127.7,78.1,21
0757,GM0757,Boxtel,757,Noord-Brabant,PV30,30,Brabant-Noord,VR21,21,GGD Hart voor Brabant,GG5406,5406,64858667.0876732,43032.0023434964,2021-07-22T00:00:00Z,3760,51,69,35107,11408.5,154.7,209.4,51
0893,GM0893,Bergen (L.),893,Limburg,PV31,31,Limburg-Noord,VR23,23,GGD Limburg-Noord,GG6011,6011,108482968.67691,61367.6290082595,2021-07-22T00:00:00Z,1666,25,15,13085,12732.1,191.1,114.6,34
0321,GM0321,Houten,321,Utrecht,PV26,26,Utrecht,VR09,9,GGD regio Utrecht,GG2514,2514,58947914.502346,38305.4761246545,2021-07-22T00:00:00Z,4644,75,51,50146,9261,149.6,101.7,151
1903,GM1903,Eijsden-Margraten,1903,Limburg,PV31,31,Zuid-Limburg,VR24,24,GGD Zuid-Limburg,GG6106,6106,78730816.1818619,57229.4016392872,2021-07-22T00:00:00Z,2328,87,47,25753,9039.7,337.8,182.5,93
0852,GM0852,Waterland,852,Noord-Holland,PV27,27,Zaanstreek-Waterland,VR11,11,GGD Zaanstreek/Waterland,GG7306,7306,56439713.8831367,63034.433466775,2021-07-22T00:00:00Z,1977,33,15,17422,11347.7,189.4,86.1,321
0823,GM0823,Oirschot,823,Noord-Brabant,PV30,30,Brabant-Zuidoost,VR22,22,GGD Brabant-Zuidoost,GG5608,5608,102881714.672981,60173.6705415659,2021-07-22T00:00:00Z,2479,32,27,18723,13240.4,170.9,144.2,217
0794,GM0794,Helmond,794,Noord-Brabant,PV30,30,Brabant-Zuidoost,VR22,22,GGD Brabant-Zuidoost,GG5608,5608,54793497.6292229,42479.1905225339,2021-07-22T00:00:00Z,11916,205,85,92432,12891.6,221.8,92,136
0351,GM0351,Woudenberg,351,Utrecht,PV26,26,Utrecht,VR09,9,GGD regio Utrecht,GG2514,2514,36808815.2483406,49542.1121580707,2021-07-22T00:00:00Z,1541,22,8,13362,11532.7,164.6,59.9,341
0281,GM0281,Tiel,281,Gelderland,PV25,25,Gelderland-Zuid,VR08,8,GGD Gelderland-Zuid,GG2014,2014,35564572.7063675,31867.8324587516,2021-07-22T00:00:00Z,4790,88,73,42161,11361.2,208.7,173.1,285
0339,GM0339,Renswoude,339,Utrecht,PV26,26,Utrecht,VR09,9,GGD regio Utrecht,GG2514,2514,18541213.2167053,23777.6288631156,2021-07-22T00:00:00Z,663,7,5,5448,12169.6,128.5,91.8,244
0984,GM0984,Venray,984,Limburg,PV31,31,Limburg-Noord,VR23,23,GGD Limburg-Noord,GG6011,6011,164996439.950768,65819.5502246735,2021-07-22T00:00:00Z,5939,64,49,43604,13620.3,146.8,112.4,306
0503,GM0503,Delft,503,Zuid-Holland,PV28,28,Haaglanden,VR15,15,GGD Haaglanden,GG7014,7014,24040370.5184441,28264.5592657891,2021-07-22T00:00:00Z,11045,104,75,103659,10655.1,100.3,72.4,72
1740,GM1740,Neder-Betuwe,1740,Gelderland,PV25,25,Gelderland-Zuid,VR08,8,GGD Gelderland-Zuid,GG2014,2014,67424748.1039886,65592.8594167544,2021-07-22T00:00:00Z,3012,63,34,24342,12373.7,258.8,139.7,202
0072,GM0072,Harlingen,72,Friesland,PV21,21,Fryslân,VR02,2,GGD Fryslân,GG7206,7206,26799196.4666824,28832.1441351226,2021-07-22T00:00:00Z,898,13,3,15720,5712.5,82.7,19.1,124
1926,GM1926,Pijnacker-Nootdorp,1926,Zuid-Holland,PV28,28,Haaglanden,VR15,15,GGD Haaglanden,GG7014,7014,38619269.9507446,31299.1948636461,2021-07-22T00:00:00Z,5915,72,38,55329,10690.6,130.1,68.7,238
0388,GM0388,Enkhuizen,388,Noord-Holland,PV27,27,Noord-Holland-Noord,VR10,10,GGD Hollands-Noorden,GG2707,2707,14135516.3763046,25706.81782993,2021-07-22T00:00:00Z,2030,31,11,18592,10918.7,166.7,59.2,97
1728,GM1728,Bladel,1728,Noord-Brabant,PV30,30,Brabant-Zuidoost,VR22,22,GGD Brabant-Zuidoost,GG5608,5608,75577472.6329727,43893.9331965485,2021-07-22T00:00:00Z,2932,39,27,20395,14376.1,191.2,132.4,42
1680,GM1680,Aa en Hunze,1680,Drenthe,PV22,22,Drenthe,VR03,3,GGD Drente,GG0706,706,278859332.694183,91500.8180294114,2021-07-22T00:00:00Z,1566,7,20,25453,6152.5,27.5,78.6,3
0457,GM0457,Weesp,457,Noord-Holland,PV27,27,Gooi en Vechtstreek,VR14,14,GGD Gooi en Vechtstreek,GG3606,3606,24152546.094738,26579.5430955121,2021-07-22T00:00:00Z,2228,20,20,19729,11293,101.4,101.4,323
0246,GM0246,Heerde,246,Gelderland,PV25,25,Noord- en Oost-Gelderland,VR06,6,GGD Noord- en Oost-Gelderland,GG1413,1413,80467845.1038208,38611.0486913304,2021-07-22T00:00:00Z,1326,57,32,18587,7134,306.7,172.2,128
0855,GM0855,Tilburg,855,Noord-Brabant,PV30,30,Midden- en West-Brabant,VR20,20,GGD Hart voor Brabant,GG5406,5406,118096531.861496,62287.7537720132,2021-07-22T00:00:00Z,26349,416,277,222707,11908.3,188,125.2,286
0226,GM0226,Duiven,226,Gelderland,PV25,25,Gelderland-Midden,VR07,7,Veiligheids- en Gezondheidsregio Gelderland-Midden,GG1911,1911,35214506.0564423,30050.7812197296,2021-07-22T00:00:00Z,2238,28,14,25124,8907.8,111.4,55.7,87
0938,GM0938,Meerssen,938,Limburg,PV31,31,Zuid-Limburg,VR24,24,GGD Zuid-Limburg,GG6106,6106,27709924.7733612,34220.7276358192,2021-07-22T00:00:00Z,1589,50,23,18832,8437.8,265.5,122.1,189
0150,GM0150,Deventer,150,Overijssel,PV23,23,IJsselland,VR04,4,GGD Ijsselland,GG1009,1009,134355491.724175,62341.9624539459,2021-07-22T00:00:00Z,9329,107,88,100718,9262.5,106.2,87.4,76
0758,GM0758,Breda,758,Noord-Brabant,PV30,30,Midden- en West-Brabant,VR20,20,GGD West-Brabant,GG5206,5206,128741395.501499,64603.3989674568,2021-07-22T00:00:00Z,19416,254,147,184271,10536.7,137.8,79.8,52
0744,GM0744,Baarle-Nassau,744,Noord-Brabant,PV30,30,Midden- en West-Brabant,VR20,20,GGD West-Brabant,GG5206,5206,76318852.4466286,96383.7994884392,2021-07-22T00:00:00Z,638,13,4,6860,9300.3,189.5,58.3,24
